session_id,event_type,location,occurred_at_jst
8cec8455-6613-4479-87c5-7b2cb3ab6fe6,method,Library.borrow_book,2025/12/23 11:43:01
8cec8455-6613-4479-87c5-7b2cb3ab6fe6,method,Library.add_member,2025/12/23 11:42:59
8cec8455-6613-4479-87c5-7b2cb3ab6fe6,method,Library.remove_book,2025/12/23 11:42:09
8cec8455-6613-4479-87c5-7b2cb3ab6fe6,method,Library.borrow_book,2025/12/23 11:41:49
8cec8455-6613-4479-87c5-7b2cb3ab6fe6,file,library.py,2025/12/23 11:41:45
8cec8455-6613-4479-87c5-7b2cb3ab6fe6,file,main.py,2025/12/23 11:41:30
8cec8455-6613-4479-87c5-7b2cb3ab6fe6,method,Library.return_book,2025/12/23 11:40:41
8cec8455-6613-4479-87c5-7b2cb3ab6fe6,check,Library.borrow_book-line-19,2025/12/23 11:39:55
8cec8455-6613-4479-87c5-7b2cb3ab6fe6,check,Library.borrow_book-line-18,2025/12/23 11:39:54
8cec8455-6613-4479-87c5-7b2cb3ab6fe6,check,Library.borrow_book-line-16,2025/12/23 11:39:53
8cec8455-6613-4479-87c5-7b2cb3ab6fe6,check,Library.borrow_book-line-15,2025/12/23 11:39:51
8cec8455-6613-4479-87c5-7b2cb3ab6fe6,check,Library.borrow_book-line-13,2025/12/23 11:39:49
8cec8455-6613-4479-87c5-7b2cb3ab6fe6,method,Library.borrow_book,2025/12/23 11:34:03
8cec8455-6613-4479-87c5-7b2cb3ab6fe6,method,Library.__init__,2025/12/23 11:33:46
8cec8455-6613-4479-87c5-7b2cb3ab6fe6,method,Library.borrow_book,2025/12/23 11:32:59
8cec8455-6613-4479-87c5-7b2cb3ab6fe6,file,library.py,2025/12/23 11:32:57
8cec8455-6613-4479-87c5-7b2cb3ab6fe6,file,main.py,2025/12/23 11:32:43
8cec8455-6613-4479-87c5-7b2cb3ab6fe6,method,Library.borrow_book,2025/12/23 11:31:43
8cec8455-6613-4479-87c5-7b2cb3ab6fe6,method,Library.add_member,2025/12/23 11:31:24
8cec8455-6613-4479-87c5-7b2cb3ab6fe6,file,library.py,2025/12/23 11:31:21
8cec8455-6613-4479-87c5-7b2cb3ab6fe6,file,main.py,2025/12/23 11:31:10
8cec8455-6613-4479-87c5-7b2cb3ab6fe6,method,Library.__init__,2025/12/23 11:31:03
8cec8455-6613-4479-87c5-7b2cb3ab6fe6,method,Library.borrow_book,2025/12/23 11:30:38
8cec8455-6613-4479-87c5-7b2cb3ab6fe6,method,Library.return_book,2025/12/23 11:30:32
8cec8455-6613-4479-87c5-7b2cb3ab6fe6,method,Library.borrow_book,2025/12/23 11:30:15
8cec8455-6613-4479-87c5-7b2cb3ab6fe6,file,library.py,2025/12/23 11:30:13
8cec8455-6613-4479-87c5-7b2cb3ab6fe6,method,Member._random_id,2025/12/23 11:30:11
8cec8455-6613-4479-87c5-7b2cb3ab6fe6,method,Member.__init__,2025/12/23 11:29:52
8cec8455-6613-4479-87c5-7b2cb3ab6fe6,method,Member._random_id,2025/12/23 11:29:50
8cec8455-6613-4479-87c5-7b2cb3ab6fe6,method,Member.__init__,2025/12/23 11:29:40
8cec8455-6613-4479-87c5-7b2cb3ab6fe6,file,member.py,2025/12/23 11:29:35
8cec8455-6613-4479-87c5-7b2cb3ab6fe6,method,Library.add_member,2025/12/23 11:29:31
8cec8455-6613-4479-87c5-7b2cb3ab6fe6,method,Library.borrow_book,2025/12/23 11:29:04
8cec8455-6613-4479-87c5-7b2cb3ab6fe6,file,library.py,2025/12/23 11:29:02
8cec8455-6613-4479-87c5-7b2cb3ab6fe6,file,member.py,2025/12/23 11:28:57
8cec8455-6613-4479-87c5-7b2cb3ab6fe6,method,Library.borrow_book,2025/12/23 11:27:31
8cec8455-6613-4479-87c5-7b2cb3ab6fe6,file,library.py,2025/12/23 11:27:29
8cec8455-6613-4479-87c5-7b2cb3ab6fe6,file,main.py,2025/12/23 11:27:25
8cec8455-6613-4479-87c5-7b2cb3ab6fe6,method,Library.borrow_book,2025/12/23 11:27:12
8cec8455-6613-4479-87c5-7b2cb3ab6fe6,method,Library.return_book,2025/12/23 11:27:08
8cec8455-6613-4479-87c5-7b2cb3ab6fe6,method,Library.borrow_book,2025/12/23 11:27:02
8cec8455-6613-4479-87c5-7b2cb3ab6fe6,file,library.py,2025/12/23 11:26:59
8cec8455-6613-4479-87c5-7b2cb3ab6fe6,file,main.py,2025/12/23 11:26:16
8cec8455-6613-4479-87c5-7b2cb3ab6fe6,method,Member.__str__,2025/12/23 11:26:14
8cec8455-6613-4479-87c5-7b2cb3ab6fe6,method,Member._random_id,2025/12/23 11:26:05
8cec8455-6613-4479-87c5-7b2cb3ab6fe6,method,Member.__init__,2025/12/23 11:25:55
8cec8455-6613-4479-87c5-7b2cb3ab6fe6,file,member.py,2025/12/23 11:25:52
8cec8455-6613-4479-87c5-7b2cb3ab6fe6,file,main.py,2025/12/23 11:25:05
8cec8455-6613-4479-87c5-7b2cb3ab6fe6,file,library.py,2025/12/23 11:25:03
8cec8455-6613-4479-87c5-7b2cb3ab6fe6,method,Member.__str__,2025/12/23 11:24:56
8cec8455-6613-4479-87c5-7b2cb3ab6fe6,method,Member._random_id,2025/12/23 11:24:52
8cec8455-6613-4479-87c5-7b2cb3ab6fe6,method,Member.__init__,2025/12/23 11:24:43
8cec8455-6613-4479-87c5-7b2cb3ab6fe6,file,member.py,2025/12/23 11:24:40
8cec8455-6613-4479-87c5-7b2cb3ab6fe6,method,Book.__str__,2025/12/23 11:24:37
8cec8455-6613-4479-87c5-7b2cb3ab6fe6,method,Book.__del__,2025/12/23 11:24:34
8cec8455-6613-4479-87c5-7b2cb3ab6fe6,method,Book.__init__,2025/12/23 11:24:30
8cec8455-6613-4479-87c5-7b2cb3ab6fe6,file,book.py,2025/12/23 11:24:26
8cec8455-6613-4479-87c5-7b2cb3ab6fe6,method,Library.return_book,2025/12/23 11:24:07
8cec8455-6613-4479-87c5-7b2cb3ab6fe6,method,Library.borrow_book,2025/12/23 11:22:47
8cec8455-6613-4479-87c5-7b2cb3ab6fe6,method,Library.add_member,2025/12/23 11:22:23
8cec8455-6613-4479-87c5-7b2cb3ab6fe6,file,library.py,2025/12/23 11:22:19
8cec8455-6613-4479-87c5-7b2cb3ab6fe6,file,main.py,2025/12/23 11:21:59
8cec8455-6613-4479-87c5-7b2cb3ab6fe6,method,Library.__init__,2025/12/23 11:21:52
8cec8455-6613-4479-87c5-7b2cb3ab6fe6,method,Library.borrow_book,2025/12/23 11:18:27
8cec8455-6613-4479-87c5-7b2cb3ab6fe6,method,Library.__init__,2025/12/23 11:18:18
8cec8455-6613-4479-87c5-7b2cb3ab6fe6,file,library.py,2025/12/23 11:18:16
8cec8455-6613-4479-87c5-7b2cb3ab6fe6,file,main.py,2025/12/23 11:18:12
8cec8455-6613-4479-87c5-7b2cb3ab6fe6,method,Library.borrow_book,2025/12/23 11:17:59
8cec8455-6613-4479-87c5-7b2cb3ab6fe6,method,Library.remove_book,2025/12/23 11:17:39
8cec8455-6613-4479-87c5-7b2cb3ab6fe6,method,Library.add_book,2025/12/23 11:17:25
8cec8455-6613-4479-87c5-7b2cb3ab6fe6,file,library.py,2025/12/23 11:17:23
8cec8455-6613-4479-87c5-7b2cb3ab6fe6,file,main.py,2025/12/23 11:17:06
8cec8455-6613-4479-87c5-7b2cb3ab6fe6,method,Library.add_book,2025/12/23 11:17:01
8cec8455-6613-4479-87c5-7b2cb3ab6fe6,method,Library.remove_book,2025/12/23 11:16:56
8cec8455-6613-4479-87c5-7b2cb3ab6fe6,method,Library.add_book,2025/12/23 11:16:36
8cec8455-6613-4479-87c5-7b2cb3ab6fe6,method,Library.__init__,2025/12/23 11:16:16
8cec8455-6613-4479-87c5-7b2cb3ab6fe6,file,library.py,2025/12/23 11:16:11
8cec8455-6613-4479-87c5-7b2cb3ab6fe6,file,main.py,2025/12/23 11:16:04
8cec8455-6613-4479-87c5-7b2cb3ab6fe6,file,library.py,2025/12/23 11:15:59
1ddcd4db-5829-4809-8ac6-a8e16b0b6693,method,Library.remove_book,2025/12/22 10:42:48
1ddcd4db-5829-4809-8ac6-a8e16b0b6693,file,library.py,2025/12/22 10:42:45
1ddcd4db-5829-4809-8ac6-a8e16b0b6693,file,main.py,2025/12/22 10:42:36
1ddcd4db-5829-4809-8ac6-a8e16b0b6693,method,Book.__del__,2025/12/22 10:42:35
1ddcd4db-5829-4809-8ac6-a8e16b0b6693,method,Book.__str__,2025/12/22 10:42:34
1ddcd4db-5829-4809-8ac6-a8e16b0b6693,method,Book.__del__,2025/12/22 10:42:26
1ddcd4db-5829-4809-8ac6-a8e16b0b6693,check,Book.__init__-line-6,2025/12/22 10:42:25
1ddcd4db-5829-4809-8ac6-a8e16b0b6693,method,Book.__init__,2025/12/22 10:42:20
1ddcd4db-5829-4809-8ac6-a8e16b0b6693,file,book.py,2025/12/22 10:42:18
1ddcd4db-5829-4809-8ac6-a8e16b0b6693,file,main.py,2025/12/22 10:42:06
1ddcd4db-5829-4809-8ac6-a8e16b0b6693,method,Library.return_book,2025/12/22 10:41:56
1ddcd4db-5829-4809-8ac6-a8e16b0b6693,method,Library.borrow_book,2025/12/22 10:41:48
1ddcd4db-5829-4809-8ac6-a8e16b0b6693,method,Library.remove_member,2025/12/22 10:41:46
1ddcd4db-5829-4809-8ac6-a8e16b0b6693,method,Library.add_member,2025/12/22 10:41:44
1ddcd4db-5829-4809-8ac6-a8e16b0b6693,method,Library.remove_book,2025/12/22 10:41:42
1ddcd4db-5829-4809-8ac6-a8e16b0b6693,method,Library.add_book,2025/12/22 10:41:41
1ddcd4db-5829-4809-8ac6-a8e16b0b6693,method,Library.__init__,2025/12/22 10:41:39
1ddcd4db-5829-4809-8ac6-a8e16b0b6693,file,library.py,2025/12/22 10:41:38
1ddcd4db-5829-4809-8ac6-a8e16b0b6693,method,Member._random_id,2025/12/22 10:41:34
1ddcd4db-5829-4809-8ac6-a8e16b0b6693,method,Member.__str__,2025/12/22 10:41:33
1ddcd4db-5829-4809-8ac6-a8e16b0b6693,method,Member._random_id,2025/12/22 10:41:27
1ddcd4db-5829-4809-8ac6-a8e16b0b6693,method,Member.__init__,2025/12/22 10:41:24
1ddcd4db-5829-4809-8ac6-a8e16b0b6693,file,member.py,2025/12/22 10:41:22
1ddcd4db-5829-4809-8ac6-a8e16b0b6693,method,Book.__str__,2025/12/22 10:41:18
1ddcd4db-5829-4809-8ac6-a8e16b0b6693,method,Book.__del__,2025/12/22 10:41:16
1ddcd4db-5829-4809-8ac6-a8e16b0b6693,method,Book.__init__,2025/12/22 10:41:12
1ddcd4db-5829-4809-8ac6-a8e16b0b6693,method,Book.__del__,2025/12/22 10:41:02
1ddcd4db-5829-4809-8ac6-a8e16b0b6693,check,Book.__init__-line-10,2025/12/22 10:40:59
1ddcd4db-5829-4809-8ac6-a8e16b0b6693,check,Book.__init__-line-9,2025/12/22 10:40:58
1ddcd4db-5829-4809-8ac6-a8e16b0b6693,check,Book.__init__-line-2,2025/12/22 10:40:00
1ddcd4db-5829-4809-8ac6-a8e16b0b6693,check,Book.__init__-line-1,2025/12/22 10:40:00
1ddcd4db-5829-4809-8ac6-a8e16b0b6693,method,Book.__init__,2025/12/22 10:39:31
1ddcd4db-5829-4809-8ac6-a8e16b0b6693,file,book.py,2025/12/22 10:39:27
1ddcd4db-5829-4809-8ac6-a8e16b0b6693,file,main.py,2025/12/22 10:38:55
1ddcd4db-5829-4809-8ac6-a8e16b0b6693,method,Library.add_book,2025/12/22 10:38:41
1ddcd4db-5829-4809-8ac6-a8e16b0b6693,method,Library.__init__,2025/12/22 10:38:18
1ddcd4db-5829-4809-8ac6-a8e16b0b6693,method,Library.add_book,2025/12/22 10:38:14
1ddcd4db-5829-4809-8ac6-a8e16b0b6693,file,library.py,2025/12/22 10:38:13
1ddcd4db-5829-4809-8ac6-a8e16b0b6693,file,main.py,2025/12/22 10:38:05
1ddcd4db-5829-4809-8ac6-a8e16b0b6693,method,Book.__init__,2025/12/22 10:37:49
1ddcd4db-5829-4809-8ac6-a8e16b0b6693,method,Book.__del__,2025/12/22 10:37:37
1ddcd4db-5829-4809-8ac6-a8e16b0b6693,method,Book.__str__,2025/12/22 10:37:32
1ddcd4db-5829-4809-8ac6-a8e16b0b6693,method,Book.__del__,2025/12/22 10:37:25
1ddcd4db-5829-4809-8ac6-a8e16b0b6693,method,Book.__init__,2025/12/22 10:37:04
1ddcd4db-5829-4809-8ac6-a8e16b0b6693,method,Book.__del__,2025/12/22 10:37:00
1ddcd4db-5829-4809-8ac6-a8e16b0b6693,method,Book.__init__,2025/12/22 10:36:54
1ddcd4db-5829-4809-8ac6-a8e16b0b6693,file,book.py,2025/12/22 10:36:52
1ddcd4db-5829-4809-8ac6-a8e16b0b6693,file,main.py,2025/12/22 10:36:40
1ddcd4db-5829-4809-8ac6-a8e16b0b6693,file,library.py,2025/12/22 10:36:36
8179d58a-dbc6-4b82-adfd-f08f26da7958,check,Member.__init__-line-3,2025/12/19 13:23:34
8179d58a-dbc6-4b82-adfd-f08f26da7958,method,Member.__init__,2025/12/19 13:23:30
8179d58a-dbc6-4b82-adfd-f08f26da7958,file,member.py,2025/12/19 13:23:29
8179d58a-dbc6-4b82-adfd-f08f26da7958,method,Book.__init__,2025/12/19 13:23:27
8179d58a-dbc6-4b82-adfd-f08f26da7958,file,book.py,2025/12/19 13:23:26
8179d58a-dbc6-4b82-adfd-f08f26da7958,file,member.py,2025/12/19 13:23:24
8179d58a-dbc6-4b82-adfd-f08f26da7958,file,book.py,2025/12/19 13:23:22
8179d58a-dbc6-4b82-adfd-f08f26da7958,method,Library.__init__,2025/12/19 13:23:18
8179d58a-dbc6-4b82-adfd-f08f26da7958,file,library.py,2025/12/19 13:23:17
8179d58a-dbc6-4b82-adfd-f08f26da7958,file,member.py,2025/12/19 13:23:16
8179d58a-dbc6-4b82-adfd-f08f26da7958,method,Library.__init__,2025/12/19 13:23:01
8179d58a-dbc6-4b82-adfd-f08f26da7958,method,Library.borrow_book,2025/12/19 13:22:32
8179d58a-dbc6-4b82-adfd-f08f26da7958,method,Library.__init__,2025/12/19 13:22:25
8179d58a-dbc6-4b82-adfd-f08f26da7958,method,Library.borrow_book,2025/12/19 13:22:05
8179d58a-dbc6-4b82-adfd-f08f26da7958,method,Library.__init__,2025/12/19 13:21:58
8179d58a-dbc6-4b82-adfd-f08f26da7958,file,library.py,2025/12/19 13:21:57
8179d58a-dbc6-4b82-adfd-f08f26da7958,method,Member.__init__,2025/12/19 13:21:50
8179d58a-dbc6-4b82-adfd-f08f26da7958,file,member.py,2025/12/19 13:21:48
8179d58a-dbc6-4b82-adfd-f08f26da7958,method,Book.__init__,2025/12/19 13:21:45
8179d58a-dbc6-4b82-adfd-f08f26da7958,file,book.py,2025/12/19 13:21:44
8179d58a-dbc6-4b82-adfd-f08f26da7958,file,main.py,2025/12/19 13:21:38
8179d58a-dbc6-4b82-adfd-f08f26da7958,method,Book.__init__,2025/12/19 13:21:34
8179d58a-dbc6-4b82-adfd-f08f26da7958,file,book.py,2025/12/19 13:21:33
8179d58a-dbc6-4b82-adfd-f08f26da7958,method,Member.__init__,2025/12/19 13:21:31
8179d58a-dbc6-4b82-adfd-f08f26da7958,file,member.py,2025/12/19 13:21:30
8179d58a-dbc6-4b82-adfd-f08f26da7958,method,Library.__init__,2025/12/19 13:21:29
8179d58a-dbc6-4b82-adfd-f08f26da7958,method,Library.borrow_book,2025/12/19 13:21:13
8179d58a-dbc6-4b82-adfd-f08f26da7958,method,Library.add_book,2025/12/19 13:20:45
8179d58a-dbc6-4b82-adfd-f08f26da7958,method,Library.__init__,2025/12/19 13:20:32
8179d58a-dbc6-4b82-adfd-f08f26da7958,file,library.py,2025/12/19 13:20:31
8179d58a-dbc6-4b82-adfd-f08f26da7958,method,Member.__init__,2025/12/19 13:20:20
8179d58a-dbc6-4b82-adfd-f08f26da7958,file,member.py,2025/12/19 13:20:19
8179d58a-dbc6-4b82-adfd-f08f26da7958,method,Library.borrow_book,2025/12/19 13:20:13
8179d58a-dbc6-4b82-adfd-f08f26da7958,method,Library.add_book,2025/12/19 13:20:06
8179d58a-dbc6-4b82-adfd-f08f26da7958,method,Library.borrow_book,2025/12/19 13:19:29
8179d58a-dbc6-4b82-adfd-f08f26da7958,file,library.py,2025/12/19 13:19:27
8179d58a-dbc6-4b82-adfd-f08f26da7958,file,member.py,2025/12/19 13:19:27
8179d58a-dbc6-4b82-adfd-f08f26da7958,file,member.py,2025/12/19 13:19:24
8179d58a-dbc6-4b82-adfd-f08f26da7958,file,main.py,2025/12/19 13:19:10
8179d58a-dbc6-4b82-adfd-f08f26da7958,method,Library.return_book,2025/12/19 13:18:44
8179d58a-dbc6-4b82-adfd-f08f26da7958,file,library.py,2025/12/19 13:18:39
8179d58a-dbc6-4b82-adfd-f08f26da7958,file,book.py,2025/12/19 13:18:37
8179d58a-dbc6-4b82-adfd-f08f26da7958,method,Library.return_book,2025/12/19 13:17:53
8179d58a-dbc6-4b82-adfd-f08f26da7958,file,library.py,2025/12/19 13:17:51
8179d58a-dbc6-4b82-adfd-f08f26da7958,method,Member.__init__,2025/12/19 13:17:40
8179d58a-dbc6-4b82-adfd-f08f26da7958,file,member.py,2025/12/19 13:17:39
8179d58a-dbc6-4b82-adfd-f08f26da7958,method,Library.return_book,2025/12/19 13:17:30
8179d58a-dbc6-4b82-adfd-f08f26da7958,file,library.py,2025/12/19 13:17:28
8179d58a-dbc6-4b82-adfd-f08f26da7958,file,member.py,2025/12/19 13:17:25
8179d58a-dbc6-4b82-adfd-f08f26da7958,method,Library.return_book,2025/12/19 13:17:14
8179d58a-dbc6-4b82-adfd-f08f26da7958,file,library.py,2025/12/19 13:17:11
8179d58a-dbc6-4b82-adfd-f08f26da7958,file,member.py,2025/12/19 13:17:04
8179d58a-dbc6-4b82-adfd-f08f26da7958,method,Library.return_book,2025/12/19 13:15:40
8179d58a-dbc6-4b82-adfd-f08f26da7958,file,library.py,2025/12/19 13:15:36
8179d58a-dbc6-4b82-adfd-f08f26da7958,file,main.py,2025/12/19 13:15:15
8179d58a-dbc6-4b82-adfd-f08f26da7958,method,Library.return_book,2025/12/19 13:14:54
8179d58a-dbc6-4b82-adfd-f08f26da7958,file,library.py,2025/12/19 13:14:53
8179d58a-dbc6-4b82-adfd-f08f26da7958,file,member.py,2025/12/19 13:14:51
8179d58a-dbc6-4b82-adfd-f08f26da7958,file,main.py,2025/12/19 13:14:42
8179d58a-dbc6-4b82-adfd-f08f26da7958,method,Library.borrow_book,2025/12/19 13:12:52
8179d58a-dbc6-4b82-adfd-f08f26da7958,method,Library.add_member,2025/12/19 13:12:43
8179d58a-dbc6-4b82-adfd-f08f26da7958,method,Library.add_member,2025/12/19 13:12:33
8179d58a-dbc6-4b82-adfd-f08f26da7958,method,Library.borrow_book,2025/12/19 13:11:47
8179d58a-dbc6-4b82-adfd-f08f26da7958,method,Library.__init__,2025/12/19 13:11:43
8179d58a-dbc6-4b82-adfd-f08f26da7958,method,Library.borrow_book,2025/12/19 13:11:33
8179d58a-dbc6-4b82-adfd-f08f26da7958,method,Library.add_member,2025/12/19 13:11:11
8179d58a-dbc6-4b82-adfd-f08f26da7958,method,Library.__init__,2025/12/19 13:11:00
8179d58a-dbc6-4b82-adfd-f08f26da7958,method,Library.borrow_book,2025/12/19 13:09:04
8179d58a-dbc6-4b82-adfd-f08f26da7958,file,library.py,2025/12/19 13:09:01
8179d58a-dbc6-4b82-adfd-f08f26da7958,file,member.py,2025/12/19 13:09:00
8179d58a-dbc6-4b82-adfd-f08f26da7958,file,main.py,2025/12/19 13:08:44
8179d58a-dbc6-4b82-adfd-f08f26da7958,method,Library.borrow_book,2025/12/19 13:07:51
8179d58a-dbc6-4b82-adfd-f08f26da7958,file,library.py,2025/12/19 13:07:49
8179d58a-dbc6-4b82-adfd-f08f26da7958,method,Member.__init__,2025/12/19 13:07:43
8179d58a-dbc6-4b82-adfd-f08f26da7958,file,member.py,2025/12/19 13:07:41
8179d58a-dbc6-4b82-adfd-f08f26da7958,method,Library.borrow_book,2025/12/19 13:05:38
8179d58a-dbc6-4b82-adfd-f08f26da7958,file,library.py,2025/12/19 13:05:36
8179d58a-dbc6-4b82-adfd-f08f26da7958,file,main.py,2025/12/19 13:05:14
8179d58a-dbc6-4b82-adfd-f08f26da7958,method,Library.add_member,2025/12/19 13:04:33
8179d58a-dbc6-4b82-adfd-f08f26da7958,file,library.py,2025/12/19 13:04:30
8179d58a-dbc6-4b82-adfd-f08f26da7958,file,main.py,2025/12/19 13:04:23
8179d58a-dbc6-4b82-adfd-f08f26da7958,method,Library.add_member,2025/12/19 13:04:17
8179d58a-dbc6-4b82-adfd-f08f26da7958,file,library.py,2025/12/19 13:04:15
8179d58a-dbc6-4b82-adfd-f08f26da7958,file,main.py,2025/12/19 13:04:09
8179d58a-dbc6-4b82-adfd-f08f26da7958,method,Member.__str__,2025/12/19 13:04:07
8179d58a-dbc6-4b82-adfd-f08f26da7958,method,Member._random_id,2025/12/19 13:03:27
8179d58a-dbc6-4b82-adfd-f08f26da7958,method,Member._random_id,2025/12/19 13:03:24
8179d58a-dbc6-4b82-adfd-f08f26da7958,method,Member.__init__,2025/12/19 13:03:13
8179d58a-dbc6-4b82-adfd-f08f26da7958,file,member.py,2025/12/19 13:03:12
8179d58a-dbc6-4b82-adfd-f08f26da7958,file,main.py,2025/12/19 13:03:02
8179d58a-dbc6-4b82-adfd-f08f26da7958,file,member.py,2025/12/19 13:02:56
8179d58a-dbc6-4b82-adfd-f08f26da7958,file,main.py,2025/12/19 13:02:40
8179d58a-dbc6-4b82-adfd-f08f26da7958,file,book.py,2025/12/19 13:02:25
8179d58a-dbc6-4b82-adfd-f08f26da7958,method,Library.add_book,2025/12/19 13:02:17
8179d58a-dbc6-4b82-adfd-f08f26da7958,file,library.py,2025/12/19 13:02:14
8179d58a-dbc6-4b82-adfd-f08f26da7958,file,main.py,2025/12/19 13:02:06
8179d58a-dbc6-4b82-adfd-f08f26da7958,method,Book.__str__,2025/12/19 13:01:54
8179d58a-dbc6-4b82-adfd-f08f26da7958,method,Book.__del__,2025/12/19 13:01:44
8179d58a-dbc6-4b82-adfd-f08f26da7958,method,Book.__init__,2025/12/19 13:01:19
8179d58a-dbc6-4b82-adfd-f08f26da7958,file,book.py,2025/12/19 13:01:17
8179d58a-dbc6-4b82-adfd-f08f26da7958,file,main.py,2025/12/19 13:01:12
8179d58a-dbc6-4b82-adfd-f08f26da7958,method,Library.remove_book,2025/12/19 13:01:01
8179d58a-dbc6-4b82-adfd-f08f26da7958,method,Library.add_book,2025/12/19 13:00:44
8179d58a-dbc6-4b82-adfd-f08f26da7958,method,Library.__init__,2025/12/19 13:00:42
8179d58a-dbc6-4b82-adfd-f08f26da7958,method,Library.add_book,2025/12/19 13:00:34
8179d58a-dbc6-4b82-adfd-f08f26da7958,method,Library.__init__,2025/12/19 13:00:25
8179d58a-dbc6-4b82-adfd-f08f26da7958,file,library.py,2025/12/19 13:00:21
4813a711-2dc9-41db-9945-8b8d96addf05,method,Library.remove_book,2025/12/18 15:02:43
4813a711-2dc9-41db-9945-8b8d96addf05,method,Library.add_book,2025/12/18 15:02:38
4813a711-2dc9-41db-9945-8b8d96addf05,file,library.py,2025/12/18 15:02:37
4813a711-2dc9-41db-9945-8b8d96addf05,method,Book.__init__,2025/12/18 15:02:26
4813a711-2dc9-41db-9945-8b8d96addf05,file,book.py,2025/12/18 15:02:24
4813a711-2dc9-41db-9945-8b8d96addf05,method,Library.return_book,2025/12/18 15:02:09
4813a711-2dc9-41db-9945-8b8d96addf05,uncheck,Library.borrow_book-line-13,2025/12/18 15:01:04
4813a711-2dc9-41db-9945-8b8d96addf05,uncheck,Library.borrow_book-line-12,2025/12/18 15:01:02
4813a711-2dc9-41db-9945-8b8d96addf05,check,Library.borrow_book-line-13,2025/12/18 15:01:01
4813a711-2dc9-41db-9945-8b8d96addf05,check,Library.borrow_book-line-12,2025/12/18 15:01:00
4813a711-2dc9-41db-9945-8b8d96addf05,method,Library.borrow_book,2025/12/18 15:00:39
4813a711-2dc9-41db-9945-8b8d96addf05,file,library.py,2025/12/18 15:00:37
4813a711-2dc9-41db-9945-8b8d96addf05,file,member.py,2025/12/18 15:00:35
4813a711-2dc9-41db-9945-8b8d96addf05,check,Book.__init__-line-1,2025/12/18 15:00:28
4813a711-2dc9-41db-9945-8b8d96addf05,check,Book.__init__-line-2,2025/12/18 15:00:27
4813a711-2dc9-41db-9945-8b8d96addf05,check,Book-classvar-0-line-1,2025/12/18 15:00:26
4813a711-2dc9-41db-9945-8b8d96addf05,method,Book.__init__,2025/12/18 15:00:06
4813a711-2dc9-41db-9945-8b8d96addf05,method,Book.__del__,2025/12/18 15:00:03
4813a711-2dc9-41db-9945-8b8d96addf05,method,Book.__init__,2025/12/18 14:59:59
4813a711-2dc9-41db-9945-8b8d96addf05,file,book.py,2025/12/18 14:59:58
4813a711-2dc9-41db-9945-8b8d96addf05,uncheck,Library.add_book-line-1,2025/12/18 14:59:19
4813a711-2dc9-41db-9945-8b8d96addf05,method,Library.add_book,2025/12/18 14:59:10
4813a711-2dc9-41db-9945-8b8d96addf05,method,Library.__init__,2025/12/18 14:59:09
4813a711-2dc9-41db-9945-8b8d96addf05,method,Library.add_book,2025/12/18 14:59:06
4813a711-2dc9-41db-9945-8b8d96addf05,file,library.py,2025/12/18 14:59:03
4813a711-2dc9-41db-9945-8b8d96addf05,method,Book.__init__,2025/12/18 14:58:56
4813a711-2dc9-41db-9945-8b8d96addf05,file,book.py,2025/12/18 14:58:52
4813a711-2dc9-41db-9945-8b8d96addf05,method,Library.add_book,2025/12/18 14:58:50
4813a711-2dc9-41db-9945-8b8d96addf05,file,library.py,2025/12/18 14:58:48
4813a711-2dc9-41db-9945-8b8d96addf05,method,Book.__init__,2025/12/18 14:58:27
4813a711-2dc9-41db-9945-8b8d96addf05,file,book.py,2025/12/18 14:58:25
4813a711-2dc9-41db-9945-8b8d96addf05,file,member.py,2025/12/18 14:58:24
4813a711-2dc9-41db-9945-8b8d96addf05,method,Book.__init__,2025/12/18 14:58:13
4813a711-2dc9-41db-9945-8b8d96addf05,file,book.py,2025/12/18 14:58:12
4813a711-2dc9-41db-9945-8b8d96addf05,file,main.py,2025/12/18 14:58:06
4813a711-2dc9-41db-9945-8b8d96addf05,method,Library.add_book,2025/12/18 14:58:03
4813a711-2dc9-41db-9945-8b8d96addf05,file,library.py,2025/12/18 14:58:02
4813a711-2dc9-41db-9945-8b8d96addf05,uncheck,Book-classvar-0-line-1,2025/12/18 14:58:00
4813a711-2dc9-41db-9945-8b8d96addf05,method,Book.__init__,2025/12/18 14:56:53
4813a711-2dc9-41db-9945-8b8d96addf05,method,Book.__del__,2025/12/18 14:56:50
4813a711-2dc9-41db-9945-8b8d96addf05,method,Book.__init__,2025/12/18 14:56:49
4813a711-2dc9-41db-9945-8b8d96addf05,file,book.py,2025/12/18 14:56:47
4813a711-2dc9-41db-9945-8b8d96addf05,method,Member.__init__,2025/12/18 14:56:46
4813a711-2dc9-41db-9945-8b8d96addf05,file,member.py,2025/12/18 14:56:43
4813a711-2dc9-41db-9945-8b8d96addf05,method,Library.remove_book,2025/12/18 14:55:38
4813a711-2dc9-41db-9945-8b8d96addf05,file,library.py,2025/12/18 14:55:37
4813a711-2dc9-41db-9945-8b8d96addf05,file,main.py,2025/12/18 14:55:32
4813a711-2dc9-41db-9945-8b8d96addf05,method,Library.remove_book,2025/12/18 14:54:58
4813a711-2dc9-41db-9945-8b8d96addf05,method,Library.add_book,2025/12/18 14:54:54
4813a711-2dc9-41db-9945-8b8d96addf05,method,Library.__init__,2025/12/18 14:54:53
4813a711-2dc9-41db-9945-8b8d96addf05,method,Library.add_book,2025/12/18 14:54:53
4813a711-2dc9-41db-9945-8b8d96addf05,file,library.py,2025/12/18 14:54:52
4813a711-2dc9-41db-9945-8b8d96addf05,method,Book.__init__,2025/12/18 14:54:48
4813a711-2dc9-41db-9945-8b8d96addf05,method,Book.__del__,2025/12/18 14:54:39
4813a711-2dc9-41db-9945-8b8d96addf05,file,book.py,2025/12/18 14:54:37
4813a711-2dc9-41db-9945-8b8d96addf05,file,main.py,2025/12/18 14:54:24
4813a711-2dc9-41db-9945-8b8d96addf05,file,member.py,2025/12/18 14:54:19
4813a711-2dc9-41db-9945-8b8d96addf05,method,Library.return_book,2025/12/18 14:53:20
4813a711-2dc9-41db-9945-8b8d96addf05,method,Library.borrow_book,2025/12/18 14:51:41
4813a711-2dc9-41db-9945-8b8d96addf05,method,Library.__init__,2025/12/18 14:51:38
4813a711-2dc9-41db-9945-8b8d96addf05,method,Library.borrow_book,2025/12/18 14:49:54
4813a711-2dc9-41db-9945-8b8d96addf05,file,library.py,2025/12/18 14:49:51
4813a711-2dc9-41db-9945-8b8d96addf05,file,main.py,2025/12/18 14:49:41
4813a711-2dc9-41db-9945-8b8d96addf05,method,Member.__str__,2025/12/18 14:49:39
4813a711-2dc9-41db-9945-8b8d96addf05,method,Member._random_id,2025/12/18 14:49:36
4813a711-2dc9-41db-9945-8b8d96addf05,method,Member.__init__,2025/12/18 14:49:21
4813a711-2dc9-41db-9945-8b8d96addf05,file,member.py,2025/12/18 14:49:18
4813a711-2dc9-41db-9945-8b8d96addf05,file,main.py,2025/12/18 14:49:13
4813a711-2dc9-41db-9945-8b8d96addf05,check,Library.add_book-line-2,2025/12/18 14:49:12
4813a711-2dc9-41db-9945-8b8d96addf05,check,Library.add_book-line-1,2025/12/18 14:49:12
4813a711-2dc9-41db-9945-8b8d96addf05,method,Library.add_book,2025/12/18 14:48:54
4813a711-2dc9-41db-9945-8b8d96addf05,method,Library.__init__,2025/12/18 14:48:52
4813a711-2dc9-41db-9945-8b8d96addf05,method,Library.add_book,2025/12/18 14:48:39
4813a711-2dc9-41db-9945-8b8d96addf05,method,Library.remove_book,2025/12/18 14:48:38
4813a711-2dc9-41db-9945-8b8d96addf05,uncheck,Library.add_book-line-2,2025/12/18 14:48:26
4813a711-2dc9-41db-9945-8b8d96addf05,check,Library.add_book-line-2,2025/12/18 14:48:25
4813a711-2dc9-41db-9945-8b8d96addf05,uncheck,Library.add_book-line-2,2025/12/18 14:48:25
4813a711-2dc9-41db-9945-8b8d96addf05,check,Library.add_book-line-2,2025/12/18 14:48:24
4813a711-2dc9-41db-9945-8b8d96addf05,method,Library.add_book,2025/12/18 14:47:59
4813a711-2dc9-41db-9945-8b8d96addf05,file,library.py,2025/12/18 14:47:57
4813a711-2dc9-41db-9945-8b8d96addf05,file,main.py,2025/12/18 14:47:54
4813a711-2dc9-41db-9945-8b8d96addf05,file,book.py,2025/12/18 14:47:52
4813a711-2dc9-41db-9945-8b8d96addf05,file,main.py,2025/12/18 14:47:41
4813a711-2dc9-41db-9945-8b8d96addf05,check,Book-classvar-0-line-1,2025/12/18 14:47:18
4813a711-2dc9-41db-9945-8b8d96addf05,uncheck,Book-classvar-0-line-1,2025/12/18 14:47:07
4813a711-2dc9-41db-9945-8b8d96addf05,check,Book-classvar-0-line-1,2025/12/18 14:46:57
4813a711-2dc9-41db-9945-8b8d96addf05,method,Book.__init__,2025/12/18 14:46:25
4813a711-2dc9-41db-9945-8b8d96addf05,file,book.py,2025/12/18 14:46:23
4813a711-2dc9-41db-9945-8b8d96addf05,file,main.py,2025/12/18 14:46:18
4813a711-2dc9-41db-9945-8b8d96addf05,method,Library.__init__,2025/12/18 14:46:10
4813a711-2dc9-41db-9945-8b8d96addf05,file,library.py,2025/12/18 14:46:09
4813a711-2dc9-41db-9945-8b8d96addf05,file,main.py,2025/12/18 14:46:02
4813a711-2dc9-41db-9945-8b8d96addf05,file,library.py,2025/12/18 14:46:01
4813a711-2dc9-41db-9945-8b8d96addf05,file,book.py,2025/12/18 14:45:56
4813a711-2dc9-41db-9945-8b8d96addf05,file,main.py,2025/12/18 14:45:38
4813a711-2dc9-41db-9945-8b8d96addf05,method,Library.remove_book,2025/12/18 14:44:53
4813a711-2dc9-41db-9945-8b8d96addf05,method,Library.add_book,2025/12/18 14:44:52
4813a711-2dc9-41db-9945-8b8d96addf05,method,Library.remove_book,2025/12/18 14:44:29
4813a711-2dc9-41db-9945-8b8d96addf05,method,Library.add_book,2025/12/18 14:44:11
4813a711-2dc9-41db-9945-8b8d96addf05,method,Library.__init__,2025/12/18 14:44:09
4813a711-2dc9-41db-9945-8b8d96addf05,file,library.py,2025/12/18 14:44:08
4813a711-2dc9-41db-9945-8b8d96addf05,method,Member.__str__,2025/12/18 14:44:05
4813a711-2dc9-41db-9945-8b8d96addf05,method,Member._random_id,2025/12/18 14:44:01
4813a711-2dc9-41db-9945-8b8d96addf05,method,Member.__init__,2025/12/18 14:43:56
4813a711-2dc9-41db-9945-8b8d96addf05,file,member.py,2025/12/18 14:43:54
4813a711-2dc9-41db-9945-8b8d96addf05,method,Book.__init__,2025/12/18 14:42:58
4813a711-2dc9-41db-9945-8b8d96addf05,file,book.py,2025/12/18 14:42:57
4813a711-2dc9-41db-9945-8b8d96addf05,file,main.py,2025/12/18 14:42:56
4813a711-2dc9-41db-9945-8b8d96addf05,file,main.py,2025/12/18 14:42:56
4813a711-2dc9-41db-9945-8b8d96addf05,file,main.py,2025/12/18 14:42:54
4813a711-2dc9-41db-9945-8b8d96addf05,method,Book.__init__,2025/12/18 14:42:42
4813a711-2dc9-41db-9945-8b8d96addf05,method,Book.__del__,2025/12/18 14:42:39
4813a711-2dc9-41db-9945-8b8d96addf05,file,book.py,2025/12/18 14:42:38
4813a711-2dc9-41db-9945-8b8d96addf05,file,main.py,2025/12/18 14:42:12
4813a711-2dc9-41db-9945-8b8d96addf05,file,book.py,2025/12/18 14:42:05
4813a711-2dc9-41db-9945-8b8d96addf05,method,Library.add_book,2025/12/18 14:42:00
4813a711-2dc9-41db-9945-8b8d96addf05,method,Library.remove_book,2025/12/18 14:41:59
4813a711-2dc9-41db-9945-8b8d96addf05,method,Library.add_book,2025/12/18 14:41:41
4813a711-2dc9-41db-9945-8b8d96addf05,file,library.py,2025/12/18 14:41:40
4813a711-2dc9-41db-9945-8b8d96addf05,file,main.py,2025/12/18 14:41:37
4813a711-2dc9-41db-9945-8b8d96addf05,method,Library.add_book,2025/12/18 14:41:22
4813a711-2dc9-41db-9945-8b8d96addf05,method,Library.__init__,2025/12/18 14:41:16
4813a711-2dc9-41db-9945-8b8d96addf05,file,library.py,2025/12/18 14:41:14
978a7f0f-7dbf-44c1-b69e-9cda7be9011e,method,Library.return_book,2025/12/18 13:07:01
978a7f0f-7dbf-44c1-b69e-9cda7be9011e,method,Library.remove_member,2025/12/18 13:06:46
978a7f0f-7dbf-44c1-b69e-9cda7be9011e,method,Library.borrow_book,2025/12/18 13:06:43
978a7f0f-7dbf-44c1-b69e-9cda7be9011e,method,Library.remove_member,2025/12/18 13:06:41
978a7f0f-7dbf-44c1-b69e-9cda7be9011e,method,Library.add_member,2025/12/18 13:06:31
978a7f0f-7dbf-44c1-b69e-9cda7be9011e,file,library.py,2025/12/18 13:06:30
978a7f0f-7dbf-44c1-b69e-9cda7be9011e,file,main.py,2025/12/18 13:06:25
978a7f0f-7dbf-44c1-b69e-9cda7be9011e,method,Library.add_member,2025/12/18 13:05:47
978a7f0f-7dbf-44c1-b69e-9cda7be9011e,method,Library.remove_member,2025/12/18 13:05:31
978a7f0f-7dbf-44c1-b69e-9cda7be9011e,method,Library.add_member,2025/12/18 13:05:28
978a7f0f-7dbf-44c1-b69e-9cda7be9011e,method,Library.add_book,2025/12/18 13:05:22
978a7f0f-7dbf-44c1-b69e-9cda7be9011e,file,library.py,2025/12/18 13:05:20
978a7f0f-7dbf-44c1-b69e-9cda7be9011e,method,Member.__str__,2025/12/18 13:05:19
978a7f0f-7dbf-44c1-b69e-9cda7be9011e,method,Member._random_id,2025/12/18 13:05:03
978a7f0f-7dbf-44c1-b69e-9cda7be9011e,method,Member.__init__,2025/12/18 13:04:56
978a7f0f-7dbf-44c1-b69e-9cda7be9011e,method,Member._random_id,2025/12/18 13:04:02
978a7f0f-7dbf-44c1-b69e-9cda7be9011e,method,Member.__str__,2025/12/18 13:04:01
978a7f0f-7dbf-44c1-b69e-9cda7be9011e,method,Member.__init__,2025/12/18 13:03:56
978a7f0f-7dbf-44c1-b69e-9cda7be9011e,file,member.py,2025/12/18 13:03:51
978a7f0f-7dbf-44c1-b69e-9cda7be9011e,file,book.py,2025/12/18 13:03:48
978a7f0f-7dbf-44c1-b69e-9cda7be9011e,file,main.py,2025/12/18 13:03:34
978a7f0f-7dbf-44c1-b69e-9cda7be9011e,check,Library.borrow_book-line-15,2025/12/18 13:03:28
978a7f0f-7dbf-44c1-b69e-9cda7be9011e,method,Library.borrow_book,2025/12/18 13:03:00
978a7f0f-7dbf-44c1-b69e-9cda7be9011e,method,Library.__init__,2025/12/18 13:02:54
978a7f0f-7dbf-44c1-b69e-9cda7be9011e,method,Library.borrow_book,2025/12/18 13:02:17
978a7f0f-7dbf-44c1-b69e-9cda7be9011e,method,Library.return_book,2025/12/18 13:01:01
978a7f0f-7dbf-44c1-b69e-9cda7be9011e,file,library.py,2025/12/18 13:00:59
978a7f0f-7dbf-44c1-b69e-9cda7be9011e,method,Member.__init__,2025/12/18 13:00:52
978a7f0f-7dbf-44c1-b69e-9cda7be9011e,file,member.py,2025/12/18 13:00:50
978a7f0f-7dbf-44c1-b69e-9cda7be9011e,method,Library.return_book,2025/12/18 13:00:44
978a7f0f-7dbf-44c1-b69e-9cda7be9011e,file,library.py,2025/12/18 13:00:42
978a7f0f-7dbf-44c1-b69e-9cda7be9011e,file,member.py,2025/12/18 13:00:40
978a7f0f-7dbf-44c1-b69e-9cda7be9011e,method,Library.return_book,2025/12/18 13:00:20
978a7f0f-7dbf-44c1-b69e-9cda7be9011e,method,Library.borrow_book,2025/12/18 13:00:18
978a7f0f-7dbf-44c1-b69e-9cda7be9011e,file,library.py,2025/12/18 13:00:15
978a7f0f-7dbf-44c1-b69e-9cda7be9011e,file,member.py,2025/12/18 13:00:14
978a7f0f-7dbf-44c1-b69e-9cda7be9011e,file,book.py,2025/12/18 13:00:12
978a7f0f-7dbf-44c1-b69e-9cda7be9011e,file,main.py,2025/12/18 12:59:59
978a7f0f-7dbf-44c1-b69e-9cda7be9011e,method,Member._random_id,2025/12/18 12:59:31
978a7f0f-7dbf-44c1-b69e-9cda7be9011e,method,Member.__init__,2025/12/18 12:59:25
978a7f0f-7dbf-44c1-b69e-9cda7be9011e,method,Member._random_id,2025/12/18 12:59:11
978a7f0f-7dbf-44c1-b69e-9cda7be9011e,method,Member._random_id,2025/12/18 12:59:08
978a7f0f-7dbf-44c1-b69e-9cda7be9011e,method,Member.__str__,2025/12/18 12:59:07
978a7f0f-7dbf-44c1-b69e-9cda7be9011e,file,member.py,2025/12/18 12:59:04
978a7f0f-7dbf-44c1-b69e-9cda7be9011e,method,Library.borrow_book,2025/12/18 12:57:37
978a7f0f-7dbf-44c1-b69e-9cda7be9011e,file,library.py,2025/12/18 12:57:32
978a7f0f-7dbf-44c1-b69e-9cda7be9011e,method,Member.__init__,2025/12/18 12:57:28
978a7f0f-7dbf-44c1-b69e-9cda7be9011e,method,Member.__str__,2025/12/18 12:57:24
978a7f0f-7dbf-44c1-b69e-9cda7be9011e,method,Member.__init__,2025/12/18 12:57:18
978a7f0f-7dbf-44c1-b69e-9cda7be9011e,method,Member._random_id,2025/12/18 12:57:13
978a7f0f-7dbf-44c1-b69e-9cda7be9011e,method,Member.__init__,2025/12/18 12:57:11
978a7f0f-7dbf-44c1-b69e-9cda7be9011e,file,member.py,2025/12/18 12:57:09
978a7f0f-7dbf-44c1-b69e-9cda7be9011e,method,Book.__init__,2025/12/18 12:57:06
978a7f0f-7dbf-44c1-b69e-9cda7be9011e,file,book.py,2025/12/18 12:57:05
978a7f0f-7dbf-44c1-b69e-9cda7be9011e,file,main.py,2025/12/18 12:57:00
978a7f0f-7dbf-44c1-b69e-9cda7be9011e,method,Book.__str__,2025/12/18 12:56:55
978a7f0f-7dbf-44c1-b69e-9cda7be9011e,method,Book.__del__,2025/12/18 12:56:53
978a7f0f-7dbf-44c1-b69e-9cda7be9011e,method,Book.__init__,2025/12/18 12:56:42
978a7f0f-7dbf-44c1-b69e-9cda7be9011e,file,book.py,2025/12/18 12:56:41
978a7f0f-7dbf-44c1-b69e-9cda7be9011e,file,main.py,2025/12/18 12:56:30
978a7f0f-7dbf-44c1-b69e-9cda7be9011e,file,library.py,2025/12/18 12:56:26
9eb03933-a8cc-4f0f-a071-346af4ce2d01,file,main.py,2025/12/18 11:19:45
9eb03933-a8cc-4f0f-a071-346af4ce2d01,file,member.py,2025/12/18 11:19:44
9eb03933-a8cc-4f0f-a071-346af4ce2d01,uncheck,Library.add_book-line-2,2025/12/18 11:19:42
9eb03933-a8cc-4f0f-a071-346af4ce2d01,uncheck,Library.add_book-line-1,2025/12/18 11:19:41
9eb03933-a8cc-4f0f-a071-346af4ce2d01,method,Library.add_book,2025/12/18 11:19:40
9eb03933-a8cc-4f0f-a071-346af4ce2d01,file,library.py,2025/12/18 11:19:39
9eb03933-a8cc-4f0f-a071-346af4ce2d01,method,Book.__init__,2025/12/18 11:18:47
9eb03933-a8cc-4f0f-a071-346af4ce2d01,file,book.py,2025/12/18 11:18:46
9eb03933-a8cc-4f0f-a071-346af4ce2d01,file,main.py,2025/12/18 11:18:33
9eb03933-a8cc-4f0f-a071-346af4ce2d01,method,Library.add_book,2025/12/18 11:18:19
9eb03933-a8cc-4f0f-a071-346af4ce2d01,method,Library.__init__,2025/12/18 11:18:09
9eb03933-a8cc-4f0f-a071-346af4ce2d01,method,Library.add_book,2025/12/18 11:17:59
9eb03933-a8cc-4f0f-a071-346af4ce2d01,file,library.py,2025/12/18 11:17:58
9eb03933-a8cc-4f0f-a071-346af4ce2d01,file,main.py,2025/12/18 11:17:47
9eb03933-a8cc-4f0f-a071-346af4ce2d01,method,Book.__str__,2025/12/18 11:17:44
9eb03933-a8cc-4f0f-a071-346af4ce2d01,method,Book.__del__,2025/12/18 11:17:43
9eb03933-a8cc-4f0f-a071-346af4ce2d01,method,Book.__init__,2025/12/18 11:17:40
9eb03933-a8cc-4f0f-a071-346af4ce2d01,file,book.py,2025/12/18 11:17:34
9eb03933-a8cc-4f0f-a071-346af4ce2d01,check,Library.add_book-line-1,2025/12/18 11:17:32
9eb03933-a8cc-4f0f-a071-346af4ce2d01,method,Library.add_book,2025/12/18 11:17:23
9eb03933-a8cc-4f0f-a071-346af4ce2d01,file,library.py,2025/12/18 11:17:21
9eb03933-a8cc-4f0f-a071-346af4ce2d01,file,main.py,2025/12/18 11:17:14
9eb03933-a8cc-4f0f-a071-346af4ce2d01,method,Library.add_book,2025/12/18 11:17:12
9eb03933-a8cc-4f0f-a071-346af4ce2d01,file,library.py,2025/12/18 11:17:08
9eb03933-a8cc-4f0f-a071-346af4ce2d01,file,book.py,2025/12/18 11:17:01
9eb03933-a8cc-4f0f-a071-346af4ce2d01,method,Library.add_book,2025/12/18 11:16:39
9eb03933-a8cc-4f0f-a071-346af4ce2d01,file,library.py,2025/12/18 11:16:38
9eb03933-a8cc-4f0f-a071-346af4ce2d01,file,book.py,2025/12/18 11:16:35
9eb03933-a8cc-4f0f-a071-346af4ce2d01,method,Library.add_book,2025/12/18 11:16:18
9eb03933-a8cc-4f0f-a071-346af4ce2d01,file,library.py,2025/12/18 11:16:17
9eb03933-a8cc-4f0f-a071-346af4ce2d01,file,main.py,2025/12/18 11:16:06
9eb03933-a8cc-4f0f-a071-346af4ce2d01,check,Book.__del__-line-2,2025/12/18 11:16:04
9eb03933-a8cc-4f0f-a071-346af4ce2d01,check,Book.__del__-line-3,2025/12/18 11:16:00
9eb03933-a8cc-4f0f-a071-346af4ce2d01,uncheck,Book.__del__-line-2,2025/12/18 11:16:00
9eb03933-a8cc-4f0f-a071-346af4ce2d01,check,Book.__del__-line-2,2025/12/18 11:15:57
9eb03933-a8cc-4f0f-a071-346af4ce2d01,uncheck,Book.__del__-line-3,2025/12/18 11:15:57
9eb03933-a8cc-4f0f-a071-346af4ce2d01,method,Book.__del__,2025/12/18 11:15:47
9eb03933-a8cc-4f0f-a071-346af4ce2d01,method,Book.__init__,2025/12/18 11:15:25
9eb03933-a8cc-4f0f-a071-346af4ce2d01,method,Book.__str__,2025/12/18 11:15:24
9eb03933-a8cc-4f0f-a071-346af4ce2d01,method,Book.__del__,2025/12/18 11:15:23
9eb03933-a8cc-4f0f-a071-346af4ce2d01,file,book.py,2025/12/18 11:15:21
9eb03933-a8cc-4f0f-a071-346af4ce2d01,check,Library.add_book-line-2,2025/12/18 11:15:03
9eb03933-a8cc-4f0f-a071-346af4ce2d01,method,Library.add_book,2025/12/18 11:14:56
9eb03933-a8cc-4f0f-a071-346af4ce2d01,method,Library.add_book,2025/12/18 11:14:51
9eb03933-a8cc-4f0f-a071-346af4ce2d01,method,Library.__init__,2025/12/18 11:14:45
9eb03933-a8cc-4f0f-a071-346af4ce2d01,method,Library.add_book,2025/12/18 11:14:36
9eb03933-a8cc-4f0f-a071-346af4ce2d01,file,library.py,2025/12/18 11:14:34
9eb03933-a8cc-4f0f-a071-346af4ce2d01,method,Book.__init__,2025/12/18 11:14:31
9eb03933-a8cc-4f0f-a071-346af4ce2d01,file,book.py,2025/12/18 11:14:30
9eb03933-a8cc-4f0f-a071-346af4ce2d01,method,Library.add_book,2025/12/18 11:14:14
9eb03933-a8cc-4f0f-a071-346af4ce2d01,method,Library.__init__,2025/12/18 11:14:11
9eb03933-a8cc-4f0f-a071-346af4ce2d01,file,library.py,2025/12/18 11:14:10
9eb03933-a8cc-4f0f-a071-346af4ce2d01,method,Book.__init__,2025/12/18 11:14:04
9eb03933-a8cc-4f0f-a071-346af4ce2d01,check,Book.__del__-line-3,2025/12/18 11:14:00
9eb03933-a8cc-4f0f-a071-346af4ce2d01,method,Book.__del__,2025/12/18 11:13:50
9eb03933-a8cc-4f0f-a071-346af4ce2d01,method,Book.__str__,2025/12/18 11:13:42
9eb03933-a8cc-4f0f-a071-346af4ce2d01,method,Book.__del__,2025/12/18 11:13:27
9eb03933-a8cc-4f0f-a071-346af4ce2d01,check,Book.__init__-line-2,2025/12/18 11:13:04
9eb03933-a8cc-4f0f-a071-346af4ce2d01,method,Book.__init__,2025/12/18 11:12:32
9eb03933-a8cc-4f0f-a071-346af4ce2d01,method,Book.__del__,2025/12/18 11:12:17
9eb03933-a8cc-4f0f-a071-346af4ce2d01,file,book.py,2025/12/18 11:12:16
9eb03933-a8cc-4f0f-a071-346af4ce2d01,file,main.py,2025/12/18 11:12:08
9eb03933-a8cc-4f0f-a071-346af4ce2d01,file,book.py,2025/12/18 11:12:05
9eb03933-a8cc-4f0f-a071-346af4ce2d01,file,main.py,2025/12/18 11:11:54
9eb03933-a8cc-4f0f-a071-346af4ce2d01,method,Book.__init__,2025/12/18 11:11:12
9eb03933-a8cc-4f0f-a071-346af4ce2d01,file,book.py,2025/12/18 11:11:09
9eb03933-a8cc-4f0f-a071-346af4ce2d01,file,main.py,2025/12/18 11:10:34
9eb03933-a8cc-4f0f-a071-346af4ce2d01,method,Library.borrow_book,2025/12/18 11:10:27
9eb03933-a8cc-4f0f-a071-346af4ce2d01,method,Library.add_member,2025/12/18 11:10:21
9eb03933-a8cc-4f0f-a071-346af4ce2d01,method,Library.add_book,2025/12/18 11:10:09
9eb03933-a8cc-4f0f-a071-346af4ce2d01,method,Library.remove_book,2025/12/18 11:10:06
9eb03933-a8cc-4f0f-a071-346af4ce2d01,method,Library.add_book,2025/12/18 11:09:58
9eb03933-a8cc-4f0f-a071-346af4ce2d01,method,Library.__init__,2025/12/18 11:09:56
9eb03933-a8cc-4f0f-a071-346af4ce2d01,file,library.py,2025/12/18 11:09:55
9eb03933-a8cc-4f0f-a071-346af4ce2d01,method,Member.__str__,2025/12/18 11:09:53
9eb03933-a8cc-4f0f-a071-346af4ce2d01,method,Member._random_id,2025/12/18 11:09:40
9eb03933-a8cc-4f0f-a071-346af4ce2d01,method,Member.__init__,2025/12/18 11:09:35
9eb03933-a8cc-4f0f-a071-346af4ce2d01,file,member.py,2025/12/18 11:09:33
9eb03933-a8cc-4f0f-a071-346af4ce2d01,method,Book.__str__,2025/12/18 11:09:29
9eb03933-a8cc-4f0f-a071-346af4ce2d01,method,Book.__del__,2025/12/18 11:09:19
9eb03933-a8cc-4f0f-a071-346af4ce2d01,method,Book.__init__,2025/12/18 11:08:59
9eb03933-a8cc-4f0f-a071-346af4ce2d01,method,Book.__del__,2025/12/18 11:08:57
9eb03933-a8cc-4f0f-a071-346af4ce2d01,method,Book.__init__,2025/12/18 11:08:53
9eb03933-a8cc-4f0f-a071-346af4ce2d01,file,book.py,2025/12/18 11:08:41
6cab2260-984a-437d-a90b-42ea2b4b2548,check,Library.borrow_book-line-18,2025/12/16 16:29:20
6cab2260-984a-437d-a90b-42ea2b4b2548,check,Library.borrow_book-line-16,2025/12/16 16:28:21
6cab2260-984a-437d-a90b-42ea2b4b2548,method,Library.borrow_book,2025/12/16 16:27:50
6cab2260-984a-437d-a90b-42ea2b4b2548,method,Library.return_book,2025/12/16 16:27:48
6cab2260-984a-437d-a90b-42ea2b4b2548,method,Library.borrow_book,2025/12/16 16:27:45
6cab2260-984a-437d-a90b-42ea2b4b2548,method,Library.remove_member,2025/12/16 16:27:44
6cab2260-984a-437d-a90b-42ea2b4b2548,method,Library.add_member,2025/12/16 16:27:43
6cab2260-984a-437d-a90b-42ea2b4b2548,method,Library.remove_book,2025/12/16 16:27:32
6cab2260-984a-437d-a90b-42ea2b4b2548,method,Library.__init__,2025/12/16 16:27:31
6cab2260-984a-437d-a90b-42ea2b4b2548,method,Library.add_book,2025/12/16 16:27:30
6cab2260-984a-437d-a90b-42ea2b4b2548,file,library.py,2025/12/16 16:27:28
6cab2260-984a-437d-a90b-42ea2b4b2548,method,Book.__str__,2025/12/16 16:27:27
6cab2260-984a-437d-a90b-42ea2b4b2548,method,Book.__del__,2025/12/16 16:27:24
6cab2260-984a-437d-a90b-42ea2b4b2548,method,Book.__init__,2025/12/16 16:27:19
6cab2260-984a-437d-a90b-42ea2b4b2548,file,book.py,2025/12/16 16:27:18
6cab2260-984a-437d-a90b-42ea2b4b2548,file,main.py,2025/12/16 16:27:06
6cab2260-984a-437d-a90b-42ea2b4b2548,check,Library.borrow_book-line-19,2025/12/16 16:26:43
6cab2260-984a-437d-a90b-42ea2b4b2548,check,Library.borrow_book-line-15,2025/12/16 16:26:31
6cab2260-984a-437d-a90b-42ea2b4b2548,uncheck,Library.borrow_book-line-15,2025/12/16 16:26:31
6cab2260-984a-437d-a90b-42ea2b4b2548,check,Library.borrow_book-line-15,2025/12/16 16:26:27
6cab2260-984a-437d-a90b-42ea2b4b2548,method,Library.borrow_book,2025/12/16 16:25:54
6cab2260-984a-437d-a90b-42ea2b4b2548,method,Library.return_book,2025/12/16 16:25:37
6cab2260-984a-437d-a90b-42ea2b4b2548,method,Library.borrow_book,2025/12/16 16:24:59
6cab2260-984a-437d-a90b-42ea2b4b2548,method,Library.add_member,2025/12/16 16:24:57
6cab2260-984a-437d-a90b-42ea2b4b2548,method,Library.remove_book,2025/12/16 16:24:53
6cab2260-984a-437d-a90b-42ea2b4b2548,method,Library.add_book,2025/12/16 16:24:51
6cab2260-984a-437d-a90b-42ea2b4b2548,method,Library.__init__,2025/12/16 16:24:50
6cab2260-984a-437d-a90b-42ea2b4b2548,file,library.py,2025/12/16 16:24:48
6cab2260-984a-437d-a90b-42ea2b4b2548,file,main.py,2025/12/16 16:24:24
6cab2260-984a-437d-a90b-42ea2b4b2548,method,Library.add_member,2025/12/16 16:24:10
6cab2260-984a-437d-a90b-42ea2b4b2548,method,Library.remove_book,2025/12/16 16:23:54
6cab2260-984a-437d-a90b-42ea2b4b2548,method,Library.add_book,2025/12/16 16:23:47
6cab2260-984a-437d-a90b-42ea2b4b2548,file,library.py,2025/12/16 16:23:45
6cab2260-984a-437d-a90b-42ea2b4b2548,file,main.py,2025/12/16 16:23:41
6cab2260-984a-437d-a90b-42ea2b4b2548,method,Library.add_book,2025/12/16 16:23:34
6cab2260-984a-437d-a90b-42ea2b4b2548,method,Library.__init__,2025/12/16 16:23:22
6cab2260-984a-437d-a90b-42ea2b4b2548,file,library.py,2025/12/16 16:23:21
6cab2260-984a-437d-a90b-42ea2b4b2548,method,Book.__str__,2025/12/16 16:23:15
6cab2260-984a-437d-a90b-42ea2b4b2548,method,Book.__del__,2025/12/16 16:23:08
6cab2260-984a-437d-a90b-42ea2b4b2548,method,Book.__init__,2025/12/16 16:23:03
6cab2260-984a-437d-a90b-42ea2b4b2548,file,book.py,2025/12/16 16:23:01
6cab2260-984a-437d-a90b-42ea2b4b2548,file,main.py,2025/12/16 16:22:56
6cab2260-984a-437d-a90b-42ea2b4b2548,method,Book.__init__,2025/12/16 16:22:50
6cab2260-984a-437d-a90b-42ea2b4b2548,file,book.py,2025/12/16 16:22:49
6cab2260-984a-437d-a90b-42ea2b4b2548,file,main.py,2025/12/16 16:21:59
6cab2260-984a-437d-a90b-42ea2b4b2548,method,Library.add_book,2025/12/16 16:21:58
6cab2260-984a-437d-a90b-42ea2b4b2548,method,Library.__init__,2025/12/16 16:21:57
6cab2260-984a-437d-a90b-42ea2b4b2548,file,library.py,2025/12/16 16:21:55
6cab2260-984a-437d-a90b-42ea2b4b2548,method,Member.__str__,2025/12/16 16:21:54
6cab2260-984a-437d-a90b-42ea2b4b2548,method,Member._random_id,2025/12/16 16:21:53
6cab2260-984a-437d-a90b-42ea2b4b2548,method,Member.__init__,2025/12/16 16:21:52
6cab2260-984a-437d-a90b-42ea2b4b2548,file,member.py,2025/12/16 16:21:50
6cab2260-984a-437d-a90b-42ea2b4b2548,method,Book.__init__,2025/12/16 16:21:31
6cab2260-984a-437d-a90b-42ea2b4b2548,file,book.py,2025/12/16 16:21:27
e87a9bda-7533-4de0-be74-82f20f3de114,file,main.py,2025/12/16 11:04:27
e87a9bda-7533-4de0-be74-82f20f3de114,check,Book.__str__-line-1,2025/12/16 11:04:16
e87a9bda-7533-4de0-be74-82f20f3de114,method,Book.__str__,2025/12/16 11:04:08
e87a9bda-7533-4de0-be74-82f20f3de114,method,Book.__del__,2025/12/16 11:04:00
e87a9bda-7533-4de0-be74-82f20f3de114,check,Book.__init__-line-2,2025/12/16 11:03:45
e87a9bda-7533-4de0-be74-82f20f3de114,method,Book.__init__,2025/12/16 11:03:42
e87a9bda-7533-4de0-be74-82f20f3de114,file,book.py,2025/12/16 11:03:41
e87a9bda-7533-4de0-be74-82f20f3de114,file,member.py,2025/12/16 11:03:39
e87a9bda-7533-4de0-be74-82f20f3de114,method,Library.add_member,2025/12/16 11:03:31
e87a9bda-7533-4de0-be74-82f20f3de114,method,Library.remove_book,2025/12/16 11:03:28
e87a9bda-7533-4de0-be74-82f20f3de114,method,Library.add_book,2025/12/16 11:03:26
e87a9bda-7533-4de0-be74-82f20f3de114,file,library.py,2025/12/16 11:03:25
e87a9bda-7533-4de0-be74-82f20f3de114,method,Member._random_id,2025/12/16 11:03:23
e87a9bda-7533-4de0-be74-82f20f3de114,method,Member.__init__,2025/12/16 11:03:22
e87a9bda-7533-4de0-be74-82f20f3de114,file,member.py,2025/12/16 11:03:19
e87a9bda-7533-4de0-be74-82f20f3de114,uncheck,Book.__init__-line-2,2025/12/16 11:03:17
e87a9bda-7533-4de0-be74-82f20f3de114,check,Book.__init__-line-2,2025/12/16 11:03:14
e87a9bda-7533-4de0-be74-82f20f3de114,method,Book.__init__,2025/12/16 11:03:08
e87a9bda-7533-4de0-be74-82f20f3de114,file,book.py,2025/12/16 11:03:06
e87a9bda-7533-4de0-be74-82f20f3de114,uncheck,Member.__str__-line-1,2025/12/16 11:03:05
e87a9bda-7533-4de0-be74-82f20f3de114,method,Member.__str__,2025/12/16 11:02:58
e87a9bda-7533-4de0-be74-82f20f3de114,method,Member._random_id,2025/12/16 11:02:57
e87a9bda-7533-4de0-be74-82f20f3de114,method,Member.__init__,2025/12/16 11:02:48
e87a9bda-7533-4de0-be74-82f20f3de114,file,member.py,2025/12/16 11:02:46
e87a9bda-7533-4de0-be74-82f20f3de114,check,Library.add_book-line-2,2025/12/16 11:02:35
e87a9bda-7533-4de0-be74-82f20f3de114,method,Library.add_book,2025/12/16 11:02:25
e87a9bda-7533-4de0-be74-82f20f3de114,method,Library.remove_book,2025/12/16 11:02:06
e87a9bda-7533-4de0-be74-82f20f3de114,check,Library.add_member-line-4,2025/12/16 11:02:04
e87a9bda-7533-4de0-be74-82f20f3de114,method,Library.add_member,2025/12/16 11:01:36
e87a9bda-7533-4de0-be74-82f20f3de114,method,Library.remove_member,2025/12/16 11:01:15
e87a9bda-7533-4de0-be74-82f20f3de114,check,Library.borrow_book-line-7,2025/12/16 11:01:02
e87a9bda-7533-4de0-be74-82f20f3de114,method,Library.borrow_book,2025/12/16 11:00:36
e87a9bda-7533-4de0-be74-82f20f3de114,check,Library.return_book-line-7,2025/12/16 11:00:13
e87a9bda-7533-4de0-be74-82f20f3de114,method,Library.return_book,2025/12/16 10:59:21
e87a9bda-7533-4de0-be74-82f20f3de114,file,library.py,2025/12/16 10:59:19
e87a9bda-7533-4de0-be74-82f20f3de114,file,book.py,2025/12/16 10:59:18
e87a9bda-7533-4de0-be74-82f20f3de114,file,member.py,2025/12/16 10:59:16
e87a9bda-7533-4de0-be74-82f20f3de114,method,Library.__init__,2025/12/16 10:59:15
e87a9bda-7533-4de0-be74-82f20f3de114,method,Library.add_book,2025/12/16 10:59:11
e87a9bda-7533-4de0-be74-82f20f3de114,method,Library.remove_book,2025/12/16 10:58:36
e87a9bda-7533-4de0-be74-82f20f3de114,method,Library.add_book,2025/12/16 10:58:30
e87a9bda-7533-4de0-be74-82f20f3de114,method,Library.__init__,2025/12/16 10:58:09
e87a9bda-7533-4de0-be74-82f20f3de114,file,library.py,2025/12/16 10:58:08
e87a9bda-7533-4de0-be74-82f20f3de114,method,Member._random_id,2025/12/16 10:58:06
e87a9bda-7533-4de0-be74-82f20f3de114,check,Member.__str__-line-1,2025/12/16 10:58:03
e87a9bda-7533-4de0-be74-82f20f3de114,method,Member.__str__,2025/12/16 10:57:46
e87a9bda-7533-4de0-be74-82f20f3de114,method,Member._random_id,2025/12/16 10:57:08
e87a9bda-7533-4de0-be74-82f20f3de114,method,Member.__init__,2025/12/16 10:56:52
e87a9bda-7533-4de0-be74-82f20f3de114,file,member.py,2025/12/16 10:56:49
e87a9bda-7533-4de0-be74-82f20f3de114,method,Book.__init__,2025/12/16 10:56:39
e87a9bda-7533-4de0-be74-82f20f3de114,method,Book.__del__,2025/12/16 10:56:35
e87a9bda-7533-4de0-be74-82f20f3de114,method,Book.__str__,2025/12/16 10:56:01
e87a9bda-7533-4de0-be74-82f20f3de114,method,Book.__del__,2025/12/16 10:55:40
e87a9bda-7533-4de0-be74-82f20f3de114,method,Book.__init__,2025/12/16 10:55:20
e87a9bda-7533-4de0-be74-82f20f3de114,file,book.py,2025/12/16 10:55:18
e87a9bda-7533-4de0-be74-82f20f3de114,file,member.py,2025/12/16 10:55:17
e87a9bda-7533-4de0-be74-82f20f3de114,method,Library.add_book,2025/12/16 10:55:15
e87a9bda-7533-4de0-be74-82f20f3de114,file,library.py,2025/12/16 10:55:12
e87a9bda-7533-4de0-be74-82f20f3de114,method,Book.__init__,2025/12/16 10:54:42
e87a9bda-7533-4de0-be74-82f20f3de114,method,Book.__del__,2025/12/16 10:54:41
e87a9bda-7533-4de0-be74-82f20f3de114,file,book.py,2025/12/16 10:54:39
e87a9bda-7533-4de0-be74-82f20f3de114,file,main.py,2025/12/16 10:53:51
e87a9bda-7533-4de0-be74-82f20f3de114,method,Library.return_book,2025/12/16 10:52:29
e87a9bda-7533-4de0-be74-82f20f3de114,method,Library.borrow_book,2025/12/16 10:52:02
e87a9bda-7533-4de0-be74-82f20f3de114,method,Library.__init__,2025/12/16 10:51:59
e87a9bda-7533-4de0-be74-82f20f3de114,method,Library.borrow_book,2025/12/16 10:51:24
e87a9bda-7533-4de0-be74-82f20f3de114,file,library.py,2025/12/16 10:51:23
e87a9bda-7533-4de0-be74-82f20f3de114,file,main.py,2025/12/16 10:51:14
e87a9bda-7533-4de0-be74-82f20f3de114,method,Library.borrow_book,2025/12/16 10:49:10
e87a9bda-7533-4de0-be74-82f20f3de114,method,Library.remove_member,2025/12/16 10:48:57
e87a9bda-7533-4de0-be74-82f20f3de114,file,library.py,2025/12/16 10:48:55
e87a9bda-7533-4de0-be74-82f20f3de114,file,main.py,2025/12/16 10:48:41
e87a9bda-7533-4de0-be74-82f20f3de114,file,library.py,2025/12/16 10:48:38
e87a9bda-7533-4de0-be74-82f20f3de114,file,member.py,2025/12/16 10:48:35
e87a9bda-7533-4de0-be74-82f20f3de114,uncheck,Library.remove_member-line-8,2025/12/16 10:48:30
e87a9bda-7533-4de0-be74-82f20f3de114,uncheck,Library.remove_member-line-7,2025/12/16 10:48:29
e87a9bda-7533-4de0-be74-82f20f3de114,check,Library.remove_member-line-8,2025/12/16 10:48:17
e87a9bda-7533-4de0-be74-82f20f3de114,check,Library.remove_member-line-7,2025/12/16 10:48:14
e87a9bda-7533-4de0-be74-82f20f3de114,method,Library.remove_member,2025/12/16 10:47:42
e87a9bda-7533-4de0-be74-82f20f3de114,method,Library.borrow_book,2025/12/16 10:47:37
e87a9bda-7533-4de0-be74-82f20f3de114,method,Library.remove_member,2025/12/16 10:47:31
e87a9bda-7533-4de0-be74-82f20f3de114,method,Library.add_member,2025/12/16 10:47:24
e87a9bda-7533-4de0-be74-82f20f3de114,method,Library.remove_book,2025/12/16 10:47:20
e87a9bda-7533-4de0-be74-82f20f3de114,method,Library.__init__,2025/12/16 10:47:17
e87a9bda-7533-4de0-be74-82f20f3de114,method,Library.add_member,2025/12/16 10:46:56
e87a9bda-7533-4de0-be74-82f20f3de114,method,Library.remove_book,2025/12/16 10:46:12
e87a9bda-7533-4de0-be74-82f20f3de114,method,Library.add_book,2025/12/16 10:46:10
e87a9bda-7533-4de0-be74-82f20f3de114,method,Library.remove_book,2025/12/16 10:46:02
e87a9bda-7533-4de0-be74-82f20f3de114,method,Library.add_book,2025/12/16 10:45:57
e87a9bda-7533-4de0-be74-82f20f3de114,file,library.py,2025/12/16 10:45:54
e87a9bda-7533-4de0-be74-82f20f3de114,method,Book.__init__,2025/12/16 10:45:52
e87a9bda-7533-4de0-be74-82f20f3de114,file,book.py,2025/12/16 10:45:48
e87a9bda-7533-4de0-be74-82f20f3de114,uncheck,Library.add_book-line-2,2025/12/16 10:45:47
e87a9bda-7533-4de0-be74-82f20f3de114,check,Library.add_book-line-2,2025/12/16 10:45:39
e87a9bda-7533-4de0-be74-82f20f3de114,method,Library.add_book,2025/12/16 10:45:07
e87a9bda-7533-4de0-be74-82f20f3de114,method,Library.remove_book,2025/12/16 10:44:53
e87a9bda-7533-4de0-be74-82f20f3de114,method,Library.add_book,2025/12/16 10:44:37
e87a9bda-7533-4de0-be74-82f20f3de114,method,Library.__init__,2025/12/16 10:44:29
e87a9bda-7533-4de0-be74-82f20f3de114,method,Library.add_book,2025/12/16 10:44:24
e87a9bda-7533-4de0-be74-82f20f3de114,method,Library.__init__,2025/12/16 10:44:03
e87a9bda-7533-4de0-be74-82f20f3de114,method,Library.add_book,2025/12/16 10:44:02
e87a9bda-7533-4de0-be74-82f20f3de114,method,Library.__init__,2025/12/16 10:44:01
e87a9bda-7533-4de0-be74-82f20f3de114,file,library.py,2025/12/16 10:43:58
e87a9bda-7533-4de0-be74-82f20f3de114,method,Member.__str__,2025/12/16 10:43:43
e87a9bda-7533-4de0-be74-82f20f3de114,method,Member._random_id,2025/12/16 10:43:20
e87a9bda-7533-4de0-be74-82f20f3de114,method,Member.__init__,2025/12/16 10:43:18
e87a9bda-7533-4de0-be74-82f20f3de114,method,Member._random_id,2025/12/16 10:43:15
e87a9bda-7533-4de0-be74-82f20f3de114,method,Member.__init__,2025/12/16 10:42:37
e87a9bda-7533-4de0-be74-82f20f3de114,file,member.py,2025/12/16 10:42:34
e87a9bda-7533-4de0-be74-82f20f3de114,method,Book.__str__,2025/12/16 10:42:19
e87a9bda-7533-4de0-be74-82f20f3de114,method,Book.__del__,2025/12/16 10:41:58
e87a9bda-7533-4de0-be74-82f20f3de114,method,Book.__init__,2025/12/16 10:41:12
e87a9bda-7533-4de0-be74-82f20f3de114,method,Book.__del__,2025/12/16 10:41:10
e87a9bda-7533-4de0-be74-82f20f3de114,method,Book.__init__,2025/12/16 10:41:08
e87a9bda-7533-4de0-be74-82f20f3de114,file,book.py,2025/12/16 10:41:07
e87a9bda-7533-4de0-be74-82f20f3de114,method,Member.__init__,2025/12/16 10:41:06
e87a9bda-7533-4de0-be74-82f20f3de114,file,member.py,2025/12/16 10:41:03
e87a9bda-7533-4de0-be74-82f20f3de114,file,book.py,2025/12/16 10:41:02
e87a9bda-7533-4de0-be74-82f20f3de114,file,member.py,2025/12/16 10:40:56
e87a9bda-7533-4de0-be74-82f20f3de114,file,book.py,2025/12/16 10:40:20
2d306479-3cf0-4ebe-9e25-7e062739c5a4,method,Library.borrow_book,2025/12/15 16:41:48
2d306479-3cf0-4ebe-9e25-7e062739c5a4,file,library.py,2025/12/15 16:41:46
2d306479-3cf0-4ebe-9e25-7e062739c5a4,method,Member.__str__,2025/12/15 16:41:44
2d306479-3cf0-4ebe-9e25-7e062739c5a4,method,Member._random_id,2025/12/15 16:41:43
2d306479-3cf0-4ebe-9e25-7e062739c5a4,method,Member.__init__,2025/12/15 16:41:40
2d306479-3cf0-4ebe-9e25-7e062739c5a4,file,member.py,2025/12/15 16:41:39
2d306479-3cf0-4ebe-9e25-7e062739c5a4,method,Book.__init__,2025/12/15 16:41:33
2d306479-3cf0-4ebe-9e25-7e062739c5a4,file,book.py,2025/12/15 16:41:31
2d306479-3cf0-4ebe-9e25-7e062739c5a4,file,member.py,2025/12/15 16:41:28
2d306479-3cf0-4ebe-9e25-7e062739c5a4,file,main.py,2025/12/15 16:41:22
2d306479-3cf0-4ebe-9e25-7e062739c5a4,file,book.py,2025/12/15 16:41:16
2d306479-3cf0-4ebe-9e25-7e062739c5a4,check,Library.borrow_book-line-12,2025/12/15 16:40:56
2d306479-3cf0-4ebe-9e25-7e062739c5a4,uncheck,Library.borrow_book-line-15,2025/12/15 16:40:55
2d306479-3cf0-4ebe-9e25-7e062739c5a4,method,Library.borrow_book,2025/12/15 16:40:51
2d306479-3cf0-4ebe-9e25-7e062739c5a4,file,library.py,2025/12/15 16:40:49
2d306479-3cf0-4ebe-9e25-7e062739c5a4,file,main.py,2025/12/15 16:40:27
2d306479-3cf0-4ebe-9e25-7e062739c5a4,file,book.py,2025/12/15 16:40:25
2d306479-3cf0-4ebe-9e25-7e062739c5a4,uncheck,Library.borrow_book-line-12,2025/12/15 16:40:00
2d306479-3cf0-4ebe-9e25-7e062739c5a4,method,Library.borrow_book,2025/12/15 16:39:53
2d306479-3cf0-4ebe-9e25-7e062739c5a4,method,Library.remove_book,2025/12/15 16:39:49
2d306479-3cf0-4ebe-9e25-7e062739c5a4,method,Library.remove_book,2025/12/15 16:39:34
2d306479-3cf0-4ebe-9e25-7e062739c5a4,file,library.py,2025/12/15 16:39:30
2d306479-3cf0-4ebe-9e25-7e062739c5a4,file,member.py,2025/12/15 16:39:29
2d306479-3cf0-4ebe-9e25-7e062739c5a4,method,Book.__del__,2025/12/15 16:39:25
2d306479-3cf0-4ebe-9e25-7e062739c5a4,file,book.py,2025/12/15 16:39:22
2d306479-3cf0-4ebe-9e25-7e062739c5a4,method,Library.return_book,2025/12/15 16:39:01
2d306479-3cf0-4ebe-9e25-7e062739c5a4,file,library.py,2025/12/15 16:38:59
2d306479-3cf0-4ebe-9e25-7e062739c5a4,file,member.py,2025/12/15 16:38:55
2d306479-3cf0-4ebe-9e25-7e062739c5a4,file,book.py,2025/12/15 16:38:53
2d306479-3cf0-4ebe-9e25-7e062739c5a4,file,main.py,2025/12/15 16:38:43
2d306479-3cf0-4ebe-9e25-7e062739c5a4,method,Library.remove_book,2025/12/15 16:38:32
2d306479-3cf0-4ebe-9e25-7e062739c5a4,method,Library.add_book,2025/12/15 16:38:27
2d306479-3cf0-4ebe-9e25-7e062739c5a4,method,Library.__init__,2025/12/15 16:38:26
2d306479-3cf0-4ebe-9e25-7e062739c5a4,method,Library.__init__,2025/12/15 16:38:24
2d306479-3cf0-4ebe-9e25-7e062739c5a4,file,library.py,2025/12/15 16:38:23
2d306479-3cf0-4ebe-9e25-7e062739c5a4,method,Member.__str__,2025/12/15 16:38:21
2d306479-3cf0-4ebe-9e25-7e062739c5a4,method,Member._random_id,2025/12/15 16:38:18
2d306479-3cf0-4ebe-9e25-7e062739c5a4,method,Member.__init__,2025/12/15 16:38:16
2d306479-3cf0-4ebe-9e25-7e062739c5a4,file,member.py,2025/12/15 16:38:15
2d306479-3cf0-4ebe-9e25-7e062739c5a4,method,Book.__str__,2025/12/15 16:38:12
2d306479-3cf0-4ebe-9e25-7e062739c5a4,method,Book.__del__,2025/12/15 16:38:10
2d306479-3cf0-4ebe-9e25-7e062739c5a4,method,Book.__init__,2025/12/15 16:38:07
2d306479-3cf0-4ebe-9e25-7e062739c5a4,file,book.py,2025/12/15 16:38:04
2d306479-3cf0-4ebe-9e25-7e062739c5a4,file,main.py,2025/12/15 16:38:03
2d306479-3cf0-4ebe-9e25-7e062739c5a4,uncheck,Library.borrow_book-line-7,2025/12/15 16:37:59
2d306479-3cf0-4ebe-9e25-7e062739c5a4,check,Library.borrow_book-line-7,2025/12/15 16:37:57
2d306479-3cf0-4ebe-9e25-7e062739c5a4,method,Library.borrow_book,2025/12/15 16:37:53
2d306479-3cf0-4ebe-9e25-7e062739c5a4,method,Library.add_book,2025/12/15 16:37:48
2d306479-3cf0-4ebe-9e25-7e062739c5a4,file,library.py,2025/12/15 16:37:44
2d306479-3cf0-4ebe-9e25-7e062739c5a4,method,Book.__init__,2025/12/15 16:37:40
2d306479-3cf0-4ebe-9e25-7e062739c5a4,file,book.py,2025/12/15 16:37:38
2d306479-3cf0-4ebe-9e25-7e062739c5a4,file,main.py,2025/12/15 16:37:36
2d306479-3cf0-4ebe-9e25-7e062739c5a4,file,book.py,2025/12/15 16:37:36
2d306479-3cf0-4ebe-9e25-7e062739c5a4,file,member.py,2025/12/15 16:37:34
2d306479-3cf0-4ebe-9e25-7e062739c5a4,file,library.py,2025/12/15 16:37:32
2d306479-3cf0-4ebe-9e25-7e062739c5a4,file,member.py,2025/12/15 16:37:30
2d306479-3cf0-4ebe-9e25-7e062739c5a4,file,book.py,2025/12/15 16:37:28
2d306479-3cf0-4ebe-9e25-7e062739c5a4,check,Library.borrow_book-line-12,2025/12/15 16:37:14
2d306479-3cf0-4ebe-9e25-7e062739c5a4,method,Library.borrow_book,2025/12/15 16:36:52
2d306479-3cf0-4ebe-9e25-7e062739c5a4,file,library.py,2025/12/15 16:36:49
2d306479-3cf0-4ebe-9e25-7e062739c5a4,file,member.py,2025/12/15 16:36:42
2d306479-3cf0-4ebe-9e25-7e062739c5a4,method,Library.borrow_book,2025/12/15 16:35:20
2d306479-3cf0-4ebe-9e25-7e062739c5a4,file,library.py,2025/12/15 16:35:17
2d306479-3cf0-4ebe-9e25-7e062739c5a4,file,main.py,2025/12/15 16:35:08
2d306479-3cf0-4ebe-9e25-7e062739c5a4,method,Library.borrow_book,2025/12/15 16:34:57
2d306479-3cf0-4ebe-9e25-7e062739c5a4,file,library.py,2025/12/15 16:34:54
2d306479-3cf0-4ebe-9e25-7e062739c5a4,file,main.py,2025/12/15 16:34:43
2d306479-3cf0-4ebe-9e25-7e062739c5a4,method,Library.borrow_book,2025/12/15 16:34:23
2d306479-3cf0-4ebe-9e25-7e062739c5a4,file,library.py,2025/12/15 16:34:22
2d306479-3cf0-4ebe-9e25-7e062739c5a4,file,member.py,2025/12/15 16:34:20
2d306479-3cf0-4ebe-9e25-7e062739c5a4,file,library.py,2025/12/15 16:34:16
2d306479-3cf0-4ebe-9e25-7e062739c5a4,file,main.py,2025/12/15 16:34:11
2d306479-3cf0-4ebe-9e25-7e062739c5a4,method,Book.__init__,2025/12/15 16:33:56
2d306479-3cf0-4ebe-9e25-7e062739c5a4,method,Book.__del__,2025/12/15 16:33:52
2d306479-3cf0-4ebe-9e25-7e062739c5a4,method,Book.__str__,2025/12/15 16:33:50
2d306479-3cf0-4ebe-9e25-7e062739c5a4,file,book.py,2025/12/15 16:33:47
2d306479-3cf0-4ebe-9e25-7e062739c5a4,method,Member.__str__,2025/12/15 16:33:44
2d306479-3cf0-4ebe-9e25-7e062739c5a4,method,Member.__str__,2025/12/15 16:33:42
2d306479-3cf0-4ebe-9e25-7e062739c5a4,method,Member._random_id,2025/12/15 16:33:40
2d306479-3cf0-4ebe-9e25-7e062739c5a4,method,Member.__init__,2025/12/15 16:33:37
2d306479-3cf0-4ebe-9e25-7e062739c5a4,file,member.py,2025/12/15 16:33:32
2d306479-3cf0-4ebe-9e25-7e062739c5a4,method,Library.borrow_book,2025/12/15 16:32:48
2d306479-3cf0-4ebe-9e25-7e062739c5a4,file,library.py,2025/12/15 16:32:44
2d306479-3cf0-4ebe-9e25-7e062739c5a4,uncheck,main-line-19,2025/12/15 16:32:42
2d306479-3cf0-4ebe-9e25-7e062739c5a4,file,main.py,2025/12/15 16:32:38
2d306479-3cf0-4ebe-9e25-7e062739c5a4,file,member.py,2025/12/15 16:32:36
2d306479-3cf0-4ebe-9e25-7e062739c5a4,method,Library.borrow_book,2025/12/15 16:31:09
2d306479-3cf0-4ebe-9e25-7e062739c5a4,method,Library.__init__,2025/12/15 16:30:58
2d306479-3cf0-4ebe-9e25-7e062739c5a4,check,Library.borrow_book-line-15,2025/12/15 16:30:14
2d306479-3cf0-4ebe-9e25-7e062739c5a4,method,Library.borrow_book,2025/12/15 16:30:03
2d306479-3cf0-4ebe-9e25-7e062739c5a4,file,library.py,2025/12/15 16:29:57
2d306479-3cf0-4ebe-9e25-7e062739c5a4,file,member.py,2025/12/15 16:29:54
2d306479-3cf0-4ebe-9e25-7e062739c5a4,file,book.py,2025/12/15 16:29:49
2d306479-3cf0-4ebe-9e25-7e062739c5a4,file,main.py,2025/12/15 16:29:23
2d306479-3cf0-4ebe-9e25-7e062739c5a4,method,Library.__init__,2025/12/15 16:29:20
2d306479-3cf0-4ebe-9e25-7e062739c5a4,method,Library.remove_book,2025/12/15 16:29:11
2d306479-3cf0-4ebe-9e25-7e062739c5a4,method,Library.add_book,2025/12/15 16:29:08
2d306479-3cf0-4ebe-9e25-7e062739c5a4,method,Library.__init__,2025/12/15 16:28:57
2d306479-3cf0-4ebe-9e25-7e062739c5a4,file,library.py,2025/12/15 16:28:45
2d306479-3cf0-4ebe-9e25-7e062739c5a4,method,Member.__str__,2025/12/15 16:28:42
2d306479-3cf0-4ebe-9e25-7e062739c5a4,method,Member._random_id,2025/12/15 16:28:30
2d306479-3cf0-4ebe-9e25-7e062739c5a4,method,Member._random_id,2025/12/15 16:28:24
2d306479-3cf0-4ebe-9e25-7e062739c5a4,method,Member.__init__,2025/12/15 16:28:17
2d306479-3cf0-4ebe-9e25-7e062739c5a4,file,member.py,2025/12/15 16:28:10
2d306479-3cf0-4ebe-9e25-7e062739c5a4,method,Book.__init__,2025/12/15 16:28:02
2d306479-3cf0-4ebe-9e25-7e062739c5a4,method,Book.__str__,2025/12/15 16:27:42
2d306479-3cf0-4ebe-9e25-7e062739c5a4,method,Book.__del__,2025/12/15 16:27:39
2d306479-3cf0-4ebe-9e25-7e062739c5a4,file,book.py,2025/12/15 16:27:36
2d306479-3cf0-4ebe-9e25-7e062739c5a4,file,main.py,2025/12/15 16:26:11
2d306479-3cf0-4ebe-9e25-7e062739c5a4,method,Book.__init__,2025/12/15 16:25:45
2d306479-3cf0-4ebe-9e25-7e062739c5a4,method,Book.__str__,2025/12/15 16:25:41
2d306479-3cf0-4ebe-9e25-7e062739c5a4,method,Book.__del__,2025/12/15 16:25:39
2d306479-3cf0-4ebe-9e25-7e062739c5a4,method,Book.__init__,2025/12/15 16:25:34
2d306479-3cf0-4ebe-9e25-7e062739c5a4,file,book.py,2025/12/15 16:25:25
2d306479-3cf0-4ebe-9e25-7e062739c5a4,check,main-line-19,2025/12/15 16:24:05
2d306479-3cf0-4ebe-9e25-7e062739c5a4,file,main.py,2025/12/15 16:22:50
2d306479-3cf0-4ebe-9e25-7e062739c5a4,method,Book.__init__,2025/12/15 16:22:43
2d306479-3cf0-4ebe-9e25-7e062739c5a4,method,Book.__del__,2025/12/15 16:22:42
2d306479-3cf0-4ebe-9e25-7e062739c5a4,method,Book.__str__,2025/12/15 16:22:38
2d306479-3cf0-4ebe-9e25-7e062739c5a4,file,book.py,2025/12/15 16:22:34
2d306479-3cf0-4ebe-9e25-7e062739c5a4,file,main.py,2025/12/15 16:22:16
2d306479-3cf0-4ebe-9e25-7e062739c5a4,file,book.py,2025/12/15 16:22:14
2d306479-3cf0-4ebe-9e25-7e062739c5a4,file,main.py,2025/12/15 16:22:08
2d306479-3cf0-4ebe-9e25-7e062739c5a4,method,Library.__init__,2025/12/15 16:22:06
2d306479-3cf0-4ebe-9e25-7e062739c5a4,method,Library.add_book,2025/12/15 16:22:03
2d306479-3cf0-4ebe-9e25-7e062739c5a4,method,Library.__init__,2025/12/15 16:22:02
2d306479-3cf0-4ebe-9e25-7e062739c5a4,file,library.py,2025/12/15 16:21:55
2d306479-3cf0-4ebe-9e25-7e062739c5a4,file,main.py,2025/12/15 16:21:32
2d306479-3cf0-4ebe-9e25-7e062739c5a4,file,library.py,2025/12/15 16:21:30
2d306479-3cf0-4ebe-9e25-7e062739c5a4,file,member.py,2025/12/15 16:21:29
2d306479-3cf0-4ebe-9e25-7e062739c5a4,method,Library.__init__,2025/12/15 16:21:19
2d306479-3cf0-4ebe-9e25-7e062739c5a4,file,library.py,2025/12/15 16:21:10
2d306479-3cf0-4ebe-9e25-7e062739c5a4,file,main.py,2025/12/15 16:21:05
2d306479-3cf0-4ebe-9e25-7e062739c5a4,file,member.py,2025/12/15 16:21:03
2d306479-3cf0-4ebe-9e25-7e062739c5a4,file,library.py,2025/12/15 16:20:58
2d306479-3cf0-4ebe-9e25-7e062739c5a4,file,main.py,2025/12/15 16:20:46
2d306479-3cf0-4ebe-9e25-7e062739c5a4,file,member.py,2025/12/15 16:20:29
2d306479-3cf0-4ebe-9e25-7e062739c5a4,file,book.py,2025/12/15 16:20:28
0c9ba487-5f65-48a3-a4a4-2c4d9811faaf,method,Library.borrow_book,2025/12/15 11:02:08
0c9ba487-5f65-48a3-a4a4-2c4d9811faaf,file,library.py,2025/12/15 11:02:06
0c9ba487-5f65-48a3-a4a4-2c4d9811faaf,file,member.py,2025/12/15 11:02:05
0c9ba487-5f65-48a3-a4a4-2c4d9811faaf,file,main.py,2025/12/15 11:01:58
0c9ba487-5f65-48a3-a4a4-2c4d9811faaf,method,Library.borrow_book,2025/12/15 11:01:45
0c9ba487-5f65-48a3-a4a4-2c4d9811faaf,method,Library.return_book,2025/12/15 11:01:18
0c9ba487-5f65-48a3-a4a4-2c4d9811faaf,method,Library.remove_book,2025/12/15 11:00:48
0c9ba487-5f65-48a3-a4a4-2c4d9811faaf,method,Library.add_book,2025/12/15 11:00:46
0c9ba487-5f65-48a3-a4a4-2c4d9811faaf,method,Library.remove_book,2025/12/15 11:00:09
0c9ba487-5f65-48a3-a4a4-2c4d9811faaf,method,Library.add_book,2025/12/15 11:00:06
0c9ba487-5f65-48a3-a4a4-2c4d9811faaf,method,Library.__init__,2025/12/15 11:00:05
0c9ba487-5f65-48a3-a4a4-2c4d9811faaf,file,library.py,2025/12/15 11:00:04
0c9ba487-5f65-48a3-a4a4-2c4d9811faaf,method,Member.__str__,2025/12/15 11:00:01
0c9ba487-5f65-48a3-a4a4-2c4d9811faaf,method,Member.__init__,2025/12/15 10:59:58
0c9ba487-5f65-48a3-a4a4-2c4d9811faaf,method,Member._random_id,2025/12/15 10:59:56
0c9ba487-5f65-48a3-a4a4-2c4d9811faaf,method,Member.__init__,2025/12/15 10:59:55
0c9ba487-5f65-48a3-a4a4-2c4d9811faaf,file,member.py,2025/12/15 10:59:53
0c9ba487-5f65-48a3-a4a4-2c4d9811faaf,method,Book.__str__,2025/12/15 10:59:51
0c9ba487-5f65-48a3-a4a4-2c4d9811faaf,method,Book.__del__,2025/12/15 10:59:49
0c9ba487-5f65-48a3-a4a4-2c4d9811faaf,method,Book.__init__,2025/12/15 10:59:47
0c9ba487-5f65-48a3-a4a4-2c4d9811faaf,file,book.py,2025/12/15 10:59:42
0c9ba487-5f65-48a3-a4a4-2c4d9811faaf,file,main.py,2025/12/15 10:59:33
0c9ba487-5f65-48a3-a4a4-2c4d9811faaf,file,library.py,2025/12/15 10:59:30
0c9ba487-5f65-48a3-a4a4-2c4d9811faaf,method,Book.__init__,2025/12/15 10:59:16
0c9ba487-5f65-48a3-a4a4-2c4d9811faaf,method,Book.__del__,2025/12/15 10:59:05
0c9ba487-5f65-48a3-a4a4-2c4d9811faaf,method,Book.__str__,2025/12/15 10:59:03
0c9ba487-5f65-48a3-a4a4-2c4d9811faaf,method,Book.__del__,2025/12/15 10:58:51
0c9ba487-5f65-48a3-a4a4-2c4d9811faaf,uncheck,Book-classvar-0-line-1,2025/12/15 10:58:29
0c9ba487-5f65-48a3-a4a4-2c4d9811faaf,check,Book-classvar-0-line-1,2025/12/15 10:58:28
0c9ba487-5f65-48a3-a4a4-2c4d9811faaf,method,Book.__init__,2025/12/15 10:58:17
0c9ba487-5f65-48a3-a4a4-2c4d9811faaf,file,book.py,2025/12/15 10:58:15
0c9ba487-5f65-48a3-a4a4-2c4d9811faaf,method,Library.add_book,2025/12/15 10:58:02
0c9ba487-5f65-48a3-a4a4-2c4d9811faaf,file,library.py,2025/12/15 10:58:00
0c9ba487-5f65-48a3-a4a4-2c4d9811faaf,file,main.py,2025/12/15 10:57:56
0c9ba487-5f65-48a3-a4a4-2c4d9811faaf,method,Library.add_book,2025/12/15 10:57:55
0c9ba487-5f65-48a3-a4a4-2c4d9811faaf,file,library.py,2025/12/15 10:57:53
0c9ba487-5f65-48a3-a4a4-2c4d9811faaf,method,Book.__init__,2025/12/15 10:57:37
0c9ba487-5f65-48a3-a4a4-2c4d9811faaf,file,book.py,2025/12/15 10:57:34
0c9ba487-5f65-48a3-a4a4-2c4d9811faaf,file,main.py,2025/12/15 10:57:29
0c9ba487-5f65-48a3-a4a4-2c4d9811faaf,method,Book.__str__,2025/12/15 10:57:27
0c9ba487-5f65-48a3-a4a4-2c4d9811faaf,method,Book.__del__,2025/12/15 10:57:26
0c9ba487-5f65-48a3-a4a4-2c4d9811faaf,check,Book.__init__-line-2,2025/12/15 10:56:46
0c9ba487-5f65-48a3-a4a4-2c4d9811faaf,method,Book.__init__,2025/12/15 10:56:27
0c9ba487-5f65-48a3-a4a4-2c4d9811faaf,method,Book.__str__,2025/12/15 10:56:25
0c9ba487-5f65-48a3-a4a4-2c4d9811faaf,method,Book.__del__,2025/12/15 10:56:24
0c9ba487-5f65-48a3-a4a4-2c4d9811faaf,method,Book.__init__,2025/12/15 10:56:11
0c9ba487-5f65-48a3-a4a4-2c4d9811faaf,file,book.py,2025/12/15 10:56:09
0c9ba487-5f65-48a3-a4a4-2c4d9811faaf,method,Library.add_book,2025/12/15 10:56:05
0c9ba487-5f65-48a3-a4a4-2c4d9811faaf,method,Library.__init__,2025/12/15 10:56:04
0c9ba487-5f65-48a3-a4a4-2c4d9811faaf,file,library.py,2025/12/15 10:56:02
0c9ba487-5f65-48a3-a4a4-2c4d9811faaf,method,Book.__init__,2025/12/15 10:55:46
0c9ba487-5f65-48a3-a4a4-2c4d9811faaf,file,book.py,2025/12/15 10:55:44
0c9ba487-5f65-48a3-a4a4-2c4d9811faaf,method,Member.__str__,2025/12/15 10:55:42
0c9ba487-5f65-48a3-a4a4-2c4d9811faaf,method,Member._random_id,2025/12/15 10:55:41
0c9ba487-5f65-48a3-a4a4-2c4d9811faaf,method,Member.__init__,2025/12/15 10:55:34
0c9ba487-5f65-48a3-a4a4-2c4d9811faaf,method,Member._random_id,2025/12/15 10:55:24
0c9ba487-5f65-48a3-a4a4-2c4d9811faaf,method,Member.__str__,2025/12/15 10:55:21
0c9ba487-5f65-48a3-a4a4-2c4d9811faaf,method,Member._random_id,2025/12/15 10:55:16
0c9ba487-5f65-48a3-a4a4-2c4d9811faaf,file,member.py,2025/12/15 10:55:15
0c9ba487-5f65-48a3-a4a4-2c4d9811faaf,method,Library.return_book,2025/12/15 10:55:12
0c9ba487-5f65-48a3-a4a4-2c4d9811faaf,method,Library.borrow_book,2025/12/15 10:55:07
0c9ba487-5f65-48a3-a4a4-2c4d9811faaf,method,Library.remove_member,2025/12/15 10:55:06
0c9ba487-5f65-48a3-a4a4-2c4d9811faaf,method,Library.add_member,2025/12/15 10:55:04
0c9ba487-5f65-48a3-a4a4-2c4d9811faaf,method,Library.remove_book,2025/12/15 10:54:51
0c9ba487-5f65-48a3-a4a4-2c4d9811faaf,method,Library.add_book,2025/12/15 10:54:45
0c9ba487-5f65-48a3-a4a4-2c4d9811faaf,method,Library.__init__,2025/12/15 10:54:44
0c9ba487-5f65-48a3-a4a4-2c4d9811faaf,file,library.py,2025/12/15 10:54:43
0c9ba487-5f65-48a3-a4a4-2c4d9811faaf,file,member.py,2025/12/15 10:54:41
0c9ba487-5f65-48a3-a4a4-2c4d9811faaf,file,book.py,2025/12/15 10:54:40
0c9ba487-5f65-48a3-a4a4-2c4d9811faaf,file,main.py,2025/12/15 10:54:24
0c9ba487-5f65-48a3-a4a4-2c4d9811faaf,method,Library.add_book,2025/12/15 10:54:20
0c9ba487-5f65-48a3-a4a4-2c4d9811faaf,method,Library.__init__,2025/12/15 10:54:19
0c9ba487-5f65-48a3-a4a4-2c4d9811faaf,method,Library.add_book,2025/12/15 10:54:17
0c9ba487-5f65-48a3-a4a4-2c4d9811faaf,method,Library.__init__,2025/12/15 10:54:14
0c9ba487-5f65-48a3-a4a4-2c4d9811faaf,check,Library.add_book-line-2,2025/12/15 10:54:06
0c9ba487-5f65-48a3-a4a4-2c4d9811faaf,method,Library.add_book,2025/12/15 10:53:44
0c9ba487-5f65-48a3-a4a4-2c4d9811faaf,method,Library.remove_book,2025/12/15 10:53:42
0c9ba487-5f65-48a3-a4a4-2c4d9811faaf,method,Library.add_book,2025/12/15 10:53:40
0c9ba487-5f65-48a3-a4a4-2c4d9811faaf,file,library.py,2025/12/15 10:53:26
0c9ba487-5f65-48a3-a4a4-2c4d9811faaf,file,main.py,2025/12/15 10:52:59
0c9ba487-5f65-48a3-a4a4-2c4d9811faaf,method,Library.return_book,2025/12/15 10:51:52
0c9ba487-5f65-48a3-a4a4-2c4d9811faaf,method,Library.borrow_book,2025/12/15 10:51:14
0c9ba487-5f65-48a3-a4a4-2c4d9811faaf,file,library.py,2025/12/15 10:51:10
0c9ba487-5f65-48a3-a4a4-2c4d9811faaf,method,Book.__init__,2025/12/15 10:51:04
0c9ba487-5f65-48a3-a4a4-2c4d9811faaf,file,book.py,2025/12/15 10:51:02
0c9ba487-5f65-48a3-a4a4-2c4d9811faaf,method,Library.borrow_book,2025/12/15 10:50:03
0c9ba487-5f65-48a3-a4a4-2c4d9811faaf,method,Library.remove_member,2025/12/15 10:49:59
0c9ba487-5f65-48a3-a4a4-2c4d9811faaf,method,Library.borrow_book,2025/12/15 10:49:57
0c9ba487-5f65-48a3-a4a4-2c4d9811faaf,method,Library.remove_member,2025/12/15 10:49:40
0c9ba487-5f65-48a3-a4a4-2c4d9811faaf,method,Library.add_member,2025/12/15 10:49:31
0c9ba487-5f65-48a3-a4a4-2c4d9811faaf,method,Library.remove_book,2025/12/15 10:49:24
0c9ba487-5f65-48a3-a4a4-2c4d9811faaf,method,Library.add_book,2025/12/15 10:49:12
0c9ba487-5f65-48a3-a4a4-2c4d9811faaf,method,Library.__init__,2025/12/15 10:49:11
0c9ba487-5f65-48a3-a4a4-2c4d9811faaf,file,library.py,2025/12/15 10:49:10
0c9ba487-5f65-48a3-a4a4-2c4d9811faaf,check,Member._random_id-line-3,2025/12/15 10:48:51
0c9ba487-5f65-48a3-a4a4-2c4d9811faaf,method,Member._random_id,2025/12/15 10:48:42
0c9ba487-5f65-48a3-a4a4-2c4d9811faaf,method,Member.__init__,2025/12/15 10:48:40
0c9ba487-5f65-48a3-a4a4-2c4d9811faaf,method,Member._random_id,2025/12/15 10:47:46
0c9ba487-5f65-48a3-a4a4-2c4d9811faaf,file,member.py,2025/12/15 10:47:40
0c9ba487-5f65-48a3-a4a4-2c4d9811faaf,method,Library.remove_book,2025/12/15 10:47:26
0c9ba487-5f65-48a3-a4a4-2c4d9811faaf,method,Library.return_book,2025/12/15 10:47:18
0c9ba487-5f65-48a3-a4a4-2c4d9811faaf,file,library.py,2025/12/15 10:47:15
0c9ba487-5f65-48a3-a4a4-2c4d9811faaf,method,Member._random_id,2025/12/15 10:47:08
0c9ba487-5f65-48a3-a4a4-2c4d9811faaf,method,Member.__str__,2025/12/15 10:47:03
0c9ba487-5f65-48a3-a4a4-2c4d9811faaf,method,Member._random_id,2025/12/15 10:47:02
0c9ba487-5f65-48a3-a4a4-2c4d9811faaf,method,Member.__init__,2025/12/15 10:47:00
0c9ba487-5f65-48a3-a4a4-2c4d9811faaf,file,member.py,2025/12/15 10:46:57
0c9ba487-5f65-48a3-a4a4-2c4d9811faaf,method,Book.__init__,2025/12/15 10:46:46
0c9ba487-5f65-48a3-a4a4-2c4d9811faaf,method,Book.__del__,2025/12/15 10:46:34
0c9ba487-5f65-48a3-a4a4-2c4d9811faaf,method,Book.__str__,2025/12/15 10:46:31
0c9ba487-5f65-48a3-a4a4-2c4d9811faaf,method,Book.__del__,2025/12/15 10:46:30
0c9ba487-5f65-48a3-a4a4-2c4d9811faaf,file,book.py,2025/12/15 10:46:26
0c9ba487-5f65-48a3-a4a4-2c4d9811faaf,file,main.py,2025/12/15 10:46:04
0c9ba487-5f65-48a3-a4a4-2c4d9811faaf,method,Library.remove_book,2025/12/15 10:45:10
0c9ba487-5f65-48a3-a4a4-2c4d9811faaf,file,library.py,2025/12/15 10:45:07
0c9ba487-5f65-48a3-a4a4-2c4d9811faaf,file,main.py,2025/12/15 10:44:53
0c9ba487-5f65-48a3-a4a4-2c4d9811faaf,method,Library.add_book,2025/12/15 10:44:42
0c9ba487-5f65-48a3-a4a4-2c4d9811faaf,file,library.py,2025/12/15 10:44:41
0c9ba487-5f65-48a3-a4a4-2c4d9811faaf,file,main.py,2025/12/15 10:44:26
0c9ba487-5f65-48a3-a4a4-2c4d9811faaf,file,member.py,2025/12/15 10:44:23
0c9ba487-5f65-48a3-a4a4-2c4d9811faaf,method,Book.__str__,2025/12/15 10:44:01
0c9ba487-5f65-48a3-a4a4-2c4d9811faaf,method,Book.__del__,2025/12/15 10:43:55
0c9ba487-5f65-48a3-a4a4-2c4d9811faaf,method,Book.__str__,2025/12/15 10:43:53
0c9ba487-5f65-48a3-a4a4-2c4d9811faaf,method,Book.__del__,2025/12/15 10:43:51
0c9ba487-5f65-48a3-a4a4-2c4d9811faaf,method,Book.__init__,2025/12/15 10:43:25
0c9ba487-5f65-48a3-a4a4-2c4d9811faaf,file,book.py,2025/12/15 10:43:23
0c9ba487-5f65-48a3-a4a4-2c4d9811faaf,file,main.py,2025/12/15 10:43:17
0c9ba487-5f65-48a3-a4a4-2c4d9811faaf,method,Library.__init__,2025/12/15 10:43:03
0c9ba487-5f65-48a3-a4a4-2c4d9811faaf,file,library.py,2025/12/15 10:43:01
0c9ba487-5f65-48a3-a4a4-2c4d9811faaf,file,main.py,2025/12/15 10:43:00
0c9ba487-5f65-48a3-a4a4-2c4d9811faaf,file,library.py,2025/12/15 10:42:56
0c9ba487-5f65-48a3-a4a4-2c4d9811faaf,file,main.py,2025/12/15 10:42:48
0c9ba487-5f65-48a3-a4a4-2c4d9811faaf,file,library.py,2025/12/15 10:42:45
0c9ba487-5f65-48a3-a4a4-2c4d9811faaf,file,member.py,2025/12/15 10:42:43
0c9ba487-5f65-48a3-a4a4-2c4d9811faaf,method,Book.__init__,2025/12/15 10:42:36
0c9ba487-5f65-48a3-a4a4-2c4d9811faaf,method,Book.__del__,2025/12/15 10:42:33
0c9ba487-5f65-48a3-a4a4-2c4d9811faaf,method,Book.__str__,2025/12/15 10:42:31
0c9ba487-5f65-48a3-a4a4-2c4d9811faaf,method,Book.__init__,2025/12/15 10:42:29
0c9ba487-5f65-48a3-a4a4-2c4d9811faaf,file,book.py,2025/12/15 10:42:26
8f9c34d7-fe5f-4f5c-9851-51860c1bdd59,check,main-line-1,2025/12/12 16:51:16
df5c4117-7c69-426d-b3b9-b76f2738e039,file,main.py,2025/12/09 18:33:15
df5c4117-7c69-426d-b3b9-b76f2738e039,method,Book.__init__,2025/12/09 18:33:10
df5c4117-7c69-426d-b3b9-b76f2738e039,method,Book.__del__,2025/12/09 18:33:03
df5c4117-7c69-426d-b3b9-b76f2738e039,method,Book.__str__,2025/12/09 18:32:59
df5c4117-7c69-426d-b3b9-b76f2738e039,method,Book.__init__,2025/12/09 18:32:57
df5c4117-7c69-426d-b3b9-b76f2738e039,file,book.py,2025/12/09 18:32:56
df5c4117-7c69-426d-b3b9-b76f2738e039,method,Member._random_id,2025/12/09 18:32:54
df5c4117-7c69-426d-b3b9-b76f2738e039,method,Member.__str__,2025/12/09 18:32:53
df5c4117-7c69-426d-b3b9-b76f2738e039,method,Member._random_id,2025/12/09 18:32:52
df5c4117-7c69-426d-b3b9-b76f2738e039,method,Member.__str__,2025/12/09 18:32:50
df5c4117-7c69-426d-b3b9-b76f2738e039,file,member.py,2025/12/09 18:32:49
df5c4117-7c69-426d-b3b9-b76f2738e039,method,Library.return_book,2025/12/09 18:32:47
df5c4117-7c69-426d-b3b9-b76f2738e039,method,Library.borrow_book,2025/12/09 18:32:38
df5c4117-7c69-426d-b3b9-b76f2738e039,file,library.py,2025/12/09 18:32:37
df5c4117-7c69-426d-b3b9-b76f2738e039,file,main.py,2025/12/09 18:30:11
df5c4117-7c69-426d-b3b9-b76f2738e039,method,Library.add_book,2025/12/09 18:30:02
df5c4117-7c69-426d-b3b9-b76f2738e039,method,Library.__init__,2025/12/09 18:29:56
df5c4117-7c69-426d-b3b9-b76f2738e039,method,Library.borrow_book,2025/12/09 18:29:53
df5c4117-7c69-426d-b3b9-b76f2738e039,method,Library.add_member,2025/12/09 18:29:52
df5c4117-7c69-426d-b3b9-b76f2738e039,method,Library.borrow_book,2025/12/09 18:29:52
df5c4117-7c69-426d-b3b9-b76f2738e039,method,Library.remove_member,2025/12/09 18:29:50
df5c4117-7c69-426d-b3b9-b76f2738e039,method,Library.add_member,2025/12/09 18:29:49
df5c4117-7c69-426d-b3b9-b76f2738e039,method,Library.__init__,2025/12/09 18:29:48
df5c4117-7c69-426d-b3b9-b76f2738e039,method,Library.add_book,2025/12/09 18:29:47
df5c4117-7c69-426d-b3b9-b76f2738e039,method,Library.remove_book,2025/12/09 18:29:46
df5c4117-7c69-426d-b3b9-b76f2738e039,method,Library.add_book,2025/12/09 18:29:44
df5c4117-7c69-426d-b3b9-b76f2738e039,method,Library.__init__,2025/12/09 18:29:43
df5c4117-7c69-426d-b3b9-b76f2738e039,uncheck,Library.borrow_book-line-8,2025/12/09 18:29:15
df5c4117-7c69-426d-b3b9-b76f2738e039,check,Library.borrow_book-line-8,2025/12/09 18:29:10
df5c4117-7c69-426d-b3b9-b76f2738e039,uncheck,Library.borrow_book-line-6,2025/12/09 18:28:32
df5c4117-7c69-426d-b3b9-b76f2738e039,check,Library.borrow_book-line-6,2025/12/09 18:28:29
df5c4117-7c69-426d-b3b9-b76f2738e039,check,Library.borrow_book-line-4,2025/12/09 18:28:20
df5c4117-7c69-426d-b3b9-b76f2738e039,method,Library.borrow_book,2025/12/09 18:28:19
df5c4117-7c69-426d-b3b9-b76f2738e039,method,Library.remove_member,2025/12/09 18:28:18
df5c4117-7c69-426d-b3b9-b76f2738e039,method,Library.borrow_book,2025/12/09 18:28:17
df5c4117-7c69-426d-b3b9-b76f2738e039,method,Library.__init__,2025/12/09 18:28:15
df5c4117-7c69-426d-b3b9-b76f2738e039,method,Library.add_book,2025/12/09 18:28:15
df5c4117-7c69-426d-b3b9-b76f2738e039,method,Library.add_member,2025/12/09 18:28:14
df5c4117-7c69-426d-b3b9-b76f2738e039,method,Library.remove_member,2025/12/09 18:28:12
df5c4117-7c69-426d-b3b9-b76f2738e039,method,Library.borrow_book,2025/12/09 18:27:38
df5c4117-7c69-426d-b3b9-b76f2738e039,file,library.py,2025/12/09 18:27:37
df5c4117-7c69-426d-b3b9-b76f2738e039,file,main.py,2025/12/09 18:27:33
df5c4117-7c69-426d-b3b9-b76f2738e039,file,member.py,2025/12/09 18:27:30
df5c4117-7c69-426d-b3b9-b76f2738e039,file,main.py,2025/12/09 18:27:14
df5c4117-7c69-426d-b3b9-b76f2738e039,method,Library.borrow_book,2025/12/09 18:27:10
df5c4117-7c69-426d-b3b9-b76f2738e039,file,library.py,2025/12/09 18:27:09
df5c4117-7c69-426d-b3b9-b76f2738e039,file,main.py,2025/12/09 18:27:06
df5c4117-7c69-426d-b3b9-b76f2738e039,file,member.py,2025/12/09 18:27:05
df5c4117-7c69-426d-b3b9-b76f2738e039,uncheck,main-line-9,2025/12/09 18:26:17
df5c4117-7c69-426d-b3b9-b76f2738e039,file,main.py,2025/12/09 18:26:06
df5c4117-7c69-426d-b3b9-b76f2738e039,method,Library.add_book,2025/12/09 18:26:02
df5c4117-7c69-426d-b3b9-b76f2738e039,file,library.py,2025/12/09 18:26:01
df5c4117-7c69-426d-b3b9-b76f2738e039,file,book.py,2025/12/09 18:25:58
df5c4117-7c69-426d-b3b9-b76f2738e039,check,Library.add_book-line-2,2025/12/09 18:25:54
df5c4117-7c69-426d-b3b9-b76f2738e039,method,Library.add_book,2025/12/09 18:25:48
df5c4117-7c69-426d-b3b9-b76f2738e039,method,Library.remove_book,2025/12/09 18:25:47
df5c4117-7c69-426d-b3b9-b76f2738e039,method,Library.add_book,2025/12/09 18:25:31
df5c4117-7c69-426d-b3b9-b76f2738e039,method,Library.__init__,2025/12/09 18:25:30
df5c4117-7c69-426d-b3b9-b76f2738e039,method,Library.add_book,2025/12/09 18:25:19
df5c4117-7c69-426d-b3b9-b76f2738e039,method,Library.__init__,2025/12/09 18:25:15
df5c4117-7c69-426d-b3b9-b76f2738e039,method,Library.add_book,2025/12/09 18:25:00
df5c4117-7c69-426d-b3b9-b76f2738e039,method,Library.__init__,2025/12/09 18:24:49
df5c4117-7c69-426d-b3b9-b76f2738e039,method,Library.add_book,2025/12/09 18:24:45
df5c4117-7c69-426d-b3b9-b76f2738e039,method,Library.__init__,2025/12/09 18:24:43
df5c4117-7c69-426d-b3b9-b76f2738e039,file,library.py,2025/12/09 18:24:42
df5c4117-7c69-426d-b3b9-b76f2738e039,file,main.py,2025/12/09 18:24:40
df5c4117-7c69-426d-b3b9-b76f2738e039,method,Library.__init__,2025/12/09 18:24:32
df5c4117-7c69-426d-b3b9-b76f2738e039,file,library.py,2025/12/09 18:24:31
df5c4117-7c69-426d-b3b9-b76f2738e039,file,main.py,2025/12/09 18:24:25
df5c4117-7c69-426d-b3b9-b76f2738e039,file,book.py,2025/12/09 18:24:24
df5c4117-7c69-426d-b3b9-b76f2738e039,file,member.py,2025/12/09 18:24:20
df5c4117-7c69-426d-b3b9-b76f2738e039,method,Library.__init__,2025/12/09 18:24:18
df5c4117-7c69-426d-b3b9-b76f2738e039,file,library.py,2025/12/09 18:24:16
df5c4117-7c69-426d-b3b9-b76f2738e039,file,main.py,2025/12/09 18:24:14
df5c4117-7c69-426d-b3b9-b76f2738e039,file,library.py,2025/12/09 18:24:13
df5c4117-7c69-426d-b3b9-b76f2738e039,file,main.py,2025/12/09 18:24:08
df5c4117-7c69-426d-b3b9-b76f2738e039,file,library.py,2025/12/09 18:24:05
df5c4117-7c69-426d-b3b9-b76f2738e039,file,main.py,2025/12/09 18:24:00
df5c4117-7c69-426d-b3b9-b76f2738e039,file,library.py,2025/12/09 18:23:57
df5c4117-7c69-426d-b3b9-b76f2738e039,file,member.py,2025/12/09 18:23:56
df5c4117-7c69-426d-b3b9-b76f2738e039,file,book.py,2025/12/09 18:23:55
df5c4117-7c69-426d-b3b9-b76f2738e039,file,main.py,2025/12/09 18:23:43
df5c4117-7c69-426d-b3b9-b76f2738e039,method,Member._random_id,2025/12/09 18:23:41
df5c4117-7c69-426d-b3b9-b76f2738e039,method,Member.__str__,2025/12/09 18:23:39
df5c4117-7c69-426d-b3b9-b76f2738e039,method,Member.__init__,2025/12/09 18:23:30
df5c4117-7c69-426d-b3b9-b76f2738e039,method,Member.__str__,2025/12/09 18:23:10
df5c4117-7c69-426d-b3b9-b76f2738e039,method,Member.__init__,2025/12/09 18:23:07
df5c4117-7c69-426d-b3b9-b76f2738e039,file,member.py,2025/12/09 18:23:06
df5c4117-7c69-426d-b3b9-b76f2738e039,file,book.py,2025/12/09 18:23:02
df5c4117-7c69-426d-b3b9-b76f2738e039,file,main.py,2025/12/09 18:22:58
df5c4117-7c69-426d-b3b9-b76f2738e039,method,Member._random_id,2025/12/09 18:22:10
df5c4117-7c69-426d-b3b9-b76f2738e039,file,member.py,2025/12/09 18:22:08
df5c4117-7c69-426d-b3b9-b76f2738e039,method,Library.remove_book,2025/12/09 18:22:04
df5c4117-7c69-426d-b3b9-b76f2738e039,method,Library.add_book,2025/12/09 18:22:02
df5c4117-7c69-426d-b3b9-b76f2738e039,check,Library.__init__-line-2,2025/12/09 18:21:57
df5c4117-7c69-426d-b3b9-b76f2738e039,check,Library.__init__-line-1,2025/12/09 18:21:56
df5c4117-7c69-426d-b3b9-b76f2738e039,method,Library.__init__,2025/12/09 18:21:52
df5c4117-7c69-426d-b3b9-b76f2738e039,method,Library.add_book,2025/12/09 18:21:50
df5c4117-7c69-426d-b3b9-b76f2738e039,file,library.py,2025/12/09 18:21:49
df5c4117-7c69-426d-b3b9-b76f2738e039,method,Member.__init__,2025/12/09 18:21:28
df5c4117-7c69-426d-b3b9-b76f2738e039,check,Member._random_id-line-2,2025/12/09 18:21:05
df5c4117-7c69-426d-b3b9-b76f2738e039,uncheck,Member._random_id-line-2,2025/12/09 18:21:02
df5c4117-7c69-426d-b3b9-b76f2738e039,method,Member._random_id,2025/12/09 18:20:09
df5c4117-7c69-426d-b3b9-b76f2738e039,file,member.py,2025/12/09 18:20:08
df5c4117-7c69-426d-b3b9-b76f2738e039,file,main.py,2025/12/09 18:20:07
df5c4117-7c69-426d-b3b9-b76f2738e039,file,book.py,2025/12/09 18:20:06
df5c4117-7c69-426d-b3b9-b76f2738e039,file,member.py,2025/12/09 18:20:06
df5c4117-7c69-426d-b3b9-b76f2738e039,file,book.py,2025/12/09 18:20:05
df5c4117-7c69-426d-b3b9-b76f2738e039,method,Member.__init__,2025/12/09 18:19:59
df5c4117-7c69-426d-b3b9-b76f2738e039,method,Member._random_id,2025/12/09 18:19:54
df5c4117-7c69-426d-b3b9-b76f2738e039,file,member.py,2025/12/09 18:19:52
df5c4117-7c69-426d-b3b9-b76f2738e039,file,main.py,2025/12/09 18:19:51
df5c4117-7c69-426d-b3b9-b76f2738e039,file,book.py,2025/12/09 18:19:50
df5c4117-7c69-426d-b3b9-b76f2738e039,file,library.py,2025/12/09 18:19:50
df5c4117-7c69-426d-b3b9-b76f2738e039,method,Member._random_id,2025/12/09 18:19:48
df5c4117-7c69-426d-b3b9-b76f2738e039,method,Member.__str__,2025/12/09 18:19:47
df5c4117-7c69-426d-b3b9-b76f2738e039,method,Member._random_id,2025/12/09 18:19:22
df5c4117-7c69-426d-b3b9-b76f2738e039,file,member.py,2025/12/09 18:19:18
df5c4117-7c69-426d-b3b9-b76f2738e039,file,library.py,2025/12/09 18:19:17
df5c4117-7c69-426d-b3b9-b76f2738e039,method,Member._random_id,2025/12/09 18:19:05
df5c4117-7c69-426d-b3b9-b76f2738e039,file,member.py,2025/12/09 18:19:04
df5c4117-7c69-426d-b3b9-b76f2738e039,file,library.py,2025/12/09 18:19:03
df5c4117-7c69-426d-b3b9-b76f2738e039,method,Member._random_id,2025/12/09 18:19:01
df5c4117-7c69-426d-b3b9-b76f2738e039,file,member.py,2025/12/09 18:18:59
df5c4117-7c69-426d-b3b9-b76f2738e039,file,book.py,2025/12/09 18:18:58
df5c4117-7c69-426d-b3b9-b76f2738e039,file,main.py,2025/12/09 18:18:55
df5c4117-7c69-426d-b3b9-b76f2738e039,file,member.py,2025/12/09 18:18:54
df5c4117-7c69-426d-b3b9-b76f2738e039,file,main.py,2025/12/09 18:18:54
df5c4117-7c69-426d-b3b9-b76f2738e039,method,Member._random_id,2025/12/09 18:18:40
df5c4117-7c69-426d-b3b9-b76f2738e039,method,Member.__init__,2025/12/09 18:18:39
df5c4117-7c69-426d-b3b9-b76f2738e039,method,Member._random_id,2025/12/09 18:18:35
df5c4117-7c69-426d-b3b9-b76f2738e039,method,Member.__str__,2025/12/09 18:18:34
df5c4117-7c69-426d-b3b9-b76f2738e039,check,Member._random_id-line-2,2025/12/09 18:18:25
df5c4117-7c69-426d-b3b9-b76f2738e039,method,Member._random_id,2025/12/09 18:18:16
df5c4117-7c69-426d-b3b9-b76f2738e039,method,Member.__init__,2025/12/09 18:18:13
df5c4117-7c69-426d-b3b9-b76f2738e039,method,Member._random_id,2025/12/09 18:18:01
df5c4117-7c69-426d-b3b9-b76f2738e039,method,Member.__init__,2025/12/09 18:17:29
df5c4117-7c69-426d-b3b9-b76f2738e039,file,member.py,2025/12/09 18:17:26
df5c4117-7c69-426d-b3b9-b76f2738e039,file,main.py,2025/12/09 18:17:11
df5c4117-7c69-426d-b3b9-b76f2738e039,uncheck,Book.__init__-line-7,2025/12/09 18:17:03
df5c4117-7c69-426d-b3b9-b76f2738e039,check,Book.__init__-line-7,2025/12/09 18:16:55
df5c4117-7c69-426d-b3b9-b76f2738e039,method,Book.__init__,2025/12/09 18:16:51
df5c4117-7c69-426d-b3b9-b76f2738e039,file,book.py,2025/12/09 18:16:50
df5c4117-7c69-426d-b3b9-b76f2738e039,file,main.py,2025/12/09 18:16:46
df5c4117-7c69-426d-b3b9-b76f2738e039,uncheck,Book-classvar-0-line-1,2025/12/09 18:16:44
df5c4117-7c69-426d-b3b9-b76f2738e039,method,Book.__init__,2025/12/09 18:16:27
df5c4117-7c69-426d-b3b9-b76f2738e039,file,book.py,2025/12/09 18:16:26
df5c4117-7c69-426d-b3b9-b76f2738e039,method,Library.remove_book,2025/12/09 18:16:19
df5c4117-7c69-426d-b3b9-b76f2738e039,method,Library.add_book,2025/12/09 18:16:18
df5c4117-7c69-426d-b3b9-b76f2738e039,file,library.py,2025/12/09 18:16:17
6ff3d032-dcaf-49ea-971c-1e2942572b61,check,main-line-22,2025/12/09 18:16:16
6ff3d032-dcaf-49ea-971c-1e2942572b61,file,main.py,2025/12/09 18:15:54
6ff3d032-dcaf-49ea-971c-1e2942572b61,file,member.py,2025/12/09 18:15:51
6ff3d032-dcaf-49ea-971c-1e2942572b61,method,Book.__str__,2025/12/09 18:15:46
6ff3d032-dcaf-49ea-971c-1e2942572b61,method,Book.__del__,2025/12/09 18:15:37
df5c4117-7c69-426d-b3b9-b76f2738e039,check,Book-classvar-0-line-1,2025/12/09 18:15:23
df5c4117-7c69-426d-b3b9-b76f2738e039,uncheck,Book-classvar-0-line-1,2025/12/09 18:15:15
df5c4117-7c69-426d-b3b9-b76f2738e039,method,Book.__init__,2025/12/09 18:14:50
df5c4117-7c69-426d-b3b9-b76f2738e039,file,book.py,2025/12/09 18:14:49
df5c4117-7c69-426d-b3b9-b76f2738e039,file,main.py,2025/12/09 18:14:37
df5c4117-7c69-426d-b3b9-b76f2738e039,method,Book.__init__,2025/12/09 18:14:35
df5c4117-7c69-426d-b3b9-b76f2738e039,file,book.py,2025/12/09 18:14:33
df5c4117-7c69-426d-b3b9-b76f2738e039,file,library.py,2025/12/09 18:14:33
df5c4117-7c69-426d-b3b9-b76f2738e039,file,member.py,2025/12/09 18:14:32
df5c4117-7c69-426d-b3b9-b76f2738e039,method,Book.__init__,2025/12/09 18:14:31
df5c4117-7c69-426d-b3b9-b76f2738e039,method,Book.__del__,2025/12/09 18:14:27
df5c4117-7c69-426d-b3b9-b76f2738e039,method,Book.__init__,2025/12/09 18:14:24
df5c4117-7c69-426d-b3b9-b76f2738e039,file,book.py,2025/12/09 18:14:19
df5c4117-7c69-426d-b3b9-b76f2738e039,file,main.py,2025/12/09 18:14:17
6ff3d032-dcaf-49ea-971c-1e2942572b61,method,Book.__init__,2025/12/09 18:14:01
6ff3d032-dcaf-49ea-971c-1e2942572b61,file,book.py,2025/12/09 18:13:32
df5c4117-7c69-426d-b3b9-b76f2738e039,method,Library.__init__,2025/12/09 18:13:20
df5c4117-7c69-426d-b3b9-b76f2738e039,file,library.py,2025/12/09 18:13:18
df5c4117-7c69-426d-b3b9-b76f2738e039,method,Member.__str__,2025/12/09 18:13:14
df5c4117-7c69-426d-b3b9-b76f2738e039,method,Member._random_id,2025/12/09 18:13:12
df5c4117-7c69-426d-b3b9-b76f2738e039,method,Member.__str__,2025/12/09 18:13:11
df5c4117-7c69-426d-b3b9-b76f2738e039,method,Member.__init__,2025/12/09 18:13:09
df5c4117-7c69-426d-b3b9-b76f2738e039,method,Member._random_id,2025/12/09 18:13:07
df5c4117-7c69-426d-b3b9-b76f2738e039,file,member.py,2025/12/09 18:13:06
df5c4117-7c69-426d-b3b9-b76f2738e039,method,Library.__init__,2025/12/09 18:13:04
df5c4117-7c69-426d-b3b9-b76f2738e039,file,library.py,2025/12/09 18:13:03
df5c4117-7c69-426d-b3b9-b76f2738e039,method,Member._random_id,2025/12/09 18:13:00
6ff3d032-dcaf-49ea-971c-1e2942572b61,method,Member.__str__,2025/12/09 18:12:58
df5c4117-7c69-426d-b3b9-b76f2738e039,file,member.py,2025/12/09 18:12:57
6ff3d032-dcaf-49ea-971c-1e2942572b61,method,Member._random_id,2025/12/09 18:12:56
6ff3d032-dcaf-49ea-971c-1e2942572b61,method,Member.__init__,2025/12/09 18:12:50
6ff3d032-dcaf-49ea-971c-1e2942572b61,file,member.py,2025/12/09 18:12:46
6ff3d032-dcaf-49ea-971c-1e2942572b61,check,Book.__str__-line-1,2025/12/09 18:12:45
df5c4117-7c69-426d-b3b9-b76f2738e039,method,Library.__init__,2025/12/09 18:12:40
df5c4117-7c69-426d-b3b9-b76f2738e039,method,Library.add_book,2025/12/09 18:12:38
6ff3d032-dcaf-49ea-971c-1e2942572b61,method,Book.__str__,2025/12/09 18:12:36
6ff3d032-dcaf-49ea-971c-1e2942572b61,method,Book.__del__,2025/12/09 18:12:31
6ff3d032-dcaf-49ea-971c-1e2942572b61,check,Book.__init__-line-9,2025/12/09 18:12:30
6ff3d032-dcaf-49ea-971c-1e2942572b61,method,Book.__init__,2025/12/09 18:12:13
6ff3d032-dcaf-49ea-971c-1e2942572b61,file,book.py,2025/12/09 18:12:11
df5c4117-7c69-426d-b3b9-b76f2738e039,method,Library.remove_book,2025/12/09 18:12:01
df5c4117-7c69-426d-b3b9-b76f2738e039,method,Library.add_book,2025/12/09 18:11:59
df5c4117-7c69-426d-b3b9-b76f2738e039,method,Library.__init__,2025/12/09 18:11:50
df5c4117-7c69-426d-b3b9-b76f2738e039,file,library.py,2025/12/09 18:11:48
df5c4117-7c69-426d-b3b9-b76f2738e039,file,member.py,2025/12/09 18:11:48
6ff3d032-dcaf-49ea-971c-1e2942572b61,file,main.py,2025/12/09 18:11:28
6ff3d032-dcaf-49ea-971c-1e2942572b61,method,Library.__init__,2025/12/09 18:11:15
6ff3d032-dcaf-49ea-971c-1e2942572b61,file,library.py,2025/12/09 18:11:14
df5c4117-7c69-426d-b3b9-b76f2738e039,file,main.py,2025/12/09 18:11:14
df5c4117-7c69-426d-b3b9-b76f2738e039,file,member.py,2025/12/09 18:11:12
6ff3d032-dcaf-49ea-971c-1e2942572b61,file,main.py,2025/12/09 18:11:12
6ff3d032-dcaf-49ea-971c-1e2942572b61,method,Library.__init__,2025/12/09 18:11:08
df5c4117-7c69-426d-b3b9-b76f2738e039,method,Book.__init__,2025/12/09 18:11:08
df5c4117-7c69-426d-b3b9-b76f2738e039,check,Book-classvar-0-line-1,2025/12/09 18:11:06
6ff3d032-dcaf-49ea-971c-1e2942572b61,file,library.py,2025/12/09 18:11:06
df5c4117-7c69-426d-b3b9-b76f2738e039,file,book.py,2025/12/09 18:11:03
df5c4117-7c69-426d-b3b9-b76f2738e039,file,member.py,2025/12/09 18:11:02
df5c4117-7c69-426d-b3b9-b76f2738e039,file,book.py,2025/12/09 18:11:00
df5c4117-7c69-426d-b3b9-b76f2738e039,file,main.py,2025/12/09 18:10:48
df5c4117-7c69-426d-b3b9-b76f2738e039,method,Library.add_book,2025/12/09 18:10:38
df5c4117-7c69-426d-b3b9-b76f2738e039,file,library.py,2025/12/09 18:10:35
6ff3d032-dcaf-49ea-971c-1e2942572b61,file,main.py,2025/12/09 18:10:33
df5c4117-7c69-426d-b3b9-b76f2738e039,check,main-line-9,2025/12/09 18:10:26
df5c4117-7c69-426d-b3b9-b76f2738e039,file,main.py,2025/12/09 18:10:23
6ff3d032-dcaf-49ea-971c-1e2942572b61,check,Library.return_book-line-14,2025/12/09 18:10:23
df5c4117-7c69-426d-b3b9-b76f2738e039,file,library.py,2025/12/09 18:10:21
df5c4117-7c69-426d-b3b9-b76f2738e039,method,Member.__init__,2025/12/09 18:10:19
df5c4117-7c69-426d-b3b9-b76f2738e039,file,member.py,2025/12/09 18:10:17
df5c4117-7c69-426d-b3b9-b76f2738e039,file,library.py,2025/12/09 18:10:16
df5c4117-7c69-426d-b3b9-b76f2738e039,file,book.py,2025/12/09 18:10:15
df5c4117-7c69-426d-b3b9-b76f2738e039,file,member.py,2025/12/09 18:10:13
df5c4117-7c69-426d-b3b9-b76f2738e039,file,library.py,2025/12/09 18:10:05
df5c4117-7c69-426d-b3b9-b76f2738e039,file,member.py,2025/12/09 18:10:04
df5c4117-7c69-426d-b3b9-b76f2738e039,file,book.py,2025/12/09 18:10:02
df5c4117-7c69-426d-b3b9-b76f2738e039,file,main.py,2025/12/09 18:09:49
df5c4117-7c69-426d-b3b9-b76f2738e039,file,library.py,2025/12/09 18:09:46
df5c4117-7c69-426d-b3b9-b76f2738e039,file,main.py,2025/12/09 18:09:42
df5c4117-7c69-426d-b3b9-b76f2738e039,file,member.py,2025/12/09 18:09:39
df5c4117-7c69-426d-b3b9-b76f2738e039,file,book.py,2025/12/09 18:09:38
6ff3d032-dcaf-49ea-971c-1e2942572b61,method,Library.return_book,2025/12/09 18:08:58
df5c4117-7c69-426d-b3b9-b76f2738e039,file,main.py,2025/12/09 18:08:41
df5c4117-7c69-426d-b3b9-b76f2738e039,method,Library.__init__,2025/12/09 18:08:27
df5c4117-7c69-426d-b3b9-b76f2738e039,file,library.py,2025/12/09 18:08:26
df5c4117-7c69-426d-b3b9-b76f2738e039,file,main.py,2025/12/09 18:07:45
df5c4117-7c69-426d-b3b9-b76f2738e039,method,Member.__init__,2025/12/09 18:07:43
df5c4117-7c69-426d-b3b9-b76f2738e039,method,Member.__str__,2025/12/09 18:07:42
df5c4117-7c69-426d-b3b9-b76f2738e039,method,Member._random_id,2025/12/09 18:07:42
df5c4117-7c69-426d-b3b9-b76f2738e039,method,Member.__init__,2025/12/09 18:07:40
df5c4117-7c69-426d-b3b9-b76f2738e039,file,member.py,2025/12/09 18:07:34
df5c4117-7c69-426d-b3b9-b76f2738e039,file,library.py,2025/12/09 18:07:32
6ff3d032-dcaf-49ea-971c-1e2942572b61,check,Library.borrow_book-line-15,2025/12/09 18:06:14
6ff3d032-dcaf-49ea-971c-1e2942572b61,method,Library.borrow_book,2025/12/09 18:06:00
6ff3d032-dcaf-49ea-971c-1e2942572b61,method,Library.remove_member,2025/12/09 18:05:32
6ff3d032-dcaf-49ea-971c-1e2942572b61,check,Library.add_member-line-3,2025/12/09 18:05:29
df5c4117-7c69-426d-b3b9-b76f2738e039,file,main.py,2025/12/09 18:05:19
df5c4117-7c69-426d-b3b9-b76f2738e039,method,Book.__init__,2025/12/09 18:04:39
df5c4117-7c69-426d-b3b9-b76f2738e039,file,book.py,2025/12/09 18:04:37
df5c4117-7c69-426d-b3b9-b76f2738e039,file,main.py,2025/12/09 18:04:12
df5c4117-7c69-426d-b3b9-b76f2738e039,file,book.py,2025/12/09 18:04:09
df5c4117-7c69-426d-b3b9-b76f2738e039,file,main.py,2025/12/09 18:04:05
df5c4117-7c69-426d-b3b9-b76f2738e039,method,Library.__init__,2025/12/09 18:03:57
df5c4117-7c69-426d-b3b9-b76f2738e039,file,library.py,2025/12/09 18:03:57
df5c4117-7c69-426d-b3b9-b76f2738e039,file,member.py,2025/12/09 18:03:56
df5c4117-7c69-426d-b3b9-b76f2738e039,file,book.py,2025/12/09 18:03:56
df5c4117-7c69-426d-b3b9-b76f2738e039,method,Library.return_book,2025/12/09 18:03:50
df5c4117-7c69-426d-b3b9-b76f2738e039,method,Library.remove_book,2025/12/09 18:03:41
df5c4117-7c69-426d-b3b9-b76f2738e039,method,Library.add_book,2025/12/09 18:03:40
6ff3d032-dcaf-49ea-971c-1e2942572b61,method,Library.add_member,2025/12/09 18:03:38
6ff3d032-dcaf-49ea-971c-1e2942572b61,check,Library.remove_book-line-10,2025/12/09 18:03:33
6ff3d032-dcaf-49ea-971c-1e2942572b61,check,Library.remove_book-line-7,2025/12/09 18:03:30
df5c4117-7c69-426d-b3b9-b76f2738e039,method,Library.__init__,2025/12/09 18:03:29
df5c4117-7c69-426d-b3b9-b76f2738e039,file,library.py,2025/12/09 18:03:29
df5c4117-7c69-426d-b3b9-b76f2738e039,file,main.py,2025/12/09 18:03:17
df5c4117-7c69-426d-b3b9-b76f2738e039,method,Library.add_member,2025/12/09 18:03:14
6ff3d032-dcaf-49ea-971c-1e2942572b61,check,Library.remove_book-line-4,2025/12/09 18:03:12
df5c4117-7c69-426d-b3b9-b76f2738e039,method,Library.remove_book,2025/12/09 18:03:02
df5c4117-7c69-426d-b3b9-b76f2738e039,method,Library.add_book,2025/12/09 18:02:56
df5c4117-7c69-426d-b3b9-b76f2738e039,method,Library.__init__,2025/12/09 18:02:52
df5c4117-7c69-426d-b3b9-b76f2738e039,file,library.py,2025/12/09 18:02:51
df5c4117-7c69-426d-b3b9-b76f2738e039,file,main.py,2025/12/09 18:02:46
df5c4117-7c69-426d-b3b9-b76f2738e039,method,Library.__init__,2025/12/09 18:02:31
df5c4117-7c69-426d-b3b9-b76f2738e039,file,library.py,2025/12/09 18:02:30
df5c4117-7c69-426d-b3b9-b76f2738e039,file,main.py,2025/12/09 18:02:28
df5c4117-7c69-426d-b3b9-b76f2738e039,method,Library.__init__,2025/12/09 18:02:27
df5c4117-7c69-426d-b3b9-b76f2738e039,file,library.py,2025/12/09 18:02:26
df5c4117-7c69-426d-b3b9-b76f2738e039,file,book.py,2025/12/09 18:02:25
6ff3d032-dcaf-49ea-971c-1e2942572b61,method,Library.remove_book,2025/12/09 18:02:24
df5c4117-7c69-426d-b3b9-b76f2738e039,method,Library.__init__,2025/12/09 18:02:23
df5c4117-7c69-426d-b3b9-b76f2738e039,file,library.py,2025/12/09 18:02:22
df5c4117-7c69-426d-b3b9-b76f2738e039,method,Member.__init__,2025/12/09 18:02:20
df5c4117-7c69-426d-b3b9-b76f2738e039,file,member.py,2025/12/09 18:02:14
df5c4117-7c69-426d-b3b9-b76f2738e039,file,main.py,2025/12/09 18:02:06
df5c4117-7c69-426d-b3b9-b76f2738e039,file,book.py,2025/12/09 18:02:03
df5c4117-7c69-426d-b3b9-b76f2738e039,file,main.py,2025/12/09 18:01:58
df5c4117-7c69-426d-b3b9-b76f2738e039,file,library.py,2025/12/09 18:01:43
df5c4117-7c69-426d-b3b9-b76f2738e039,file,main.py,2025/12/09 18:01:39
df5c4117-7c69-426d-b3b9-b76f2738e039,file,book.py,2025/12/09 18:01:37
df5c4117-7c69-426d-b3b9-b76f2738e039,file,main.py,2025/12/09 18:01:33
df5c4117-7c69-426d-b3b9-b76f2738e039,file,book.py,2025/12/09 18:01:31
df5c4117-7c69-426d-b3b9-b76f2738e039,file,main.py,2025/12/09 18:01:29
df5c4117-7c69-426d-b3b9-b76f2738e039,file,book.py,2025/12/09 18:01:25
df5c4117-7c69-426d-b3b9-b76f2738e039,file,main.py,2025/12/09 18:01:18
6ff3d032-dcaf-49ea-971c-1e2942572b61,method,Library.add_book,2025/12/09 18:01:17
6ff3d032-dcaf-49ea-971c-1e2942572b61,check,Library.__init__-line-3,2025/12/09 18:01:10
df5c4117-7c69-426d-b3b9-b76f2738e039,file,book.py,2025/12/09 18:01:05
df5c4117-7c69-426d-b3b9-b76f2738e039,file,main.py,2025/12/09 18:01:02
df5c4117-7c69-426d-b3b9-b76f2738e039,file,book.py,2025/12/09 18:00:53
6ff3d032-dcaf-49ea-971c-1e2942572b61,method,Library.__init__,2025/12/09 18:00:53
df5c4117-7c69-426d-b3b9-b76f2738e039,file,member.py,2025/12/09 18:00:53
df5c4117-7c69-426d-b3b9-b76f2738e039,file,library.py,2025/12/09 18:00:52
6ff3d032-dcaf-49ea-971c-1e2942572b61,file,library.py,2025/12/09 18:00:51
6ff3d032-dcaf-49ea-971c-1e2942572b61,check,Member._random_id-line-3,2025/12/09 18:00:50
df5c4117-7c69-426d-b3b9-b76f2738e039,file,member.py,2025/12/09 18:00:49
6ff3d032-dcaf-49ea-971c-1e2942572b61,method,Member._random_id,2025/12/09 18:00:45
6ff3d032-dcaf-49ea-971c-1e2942572b61,check,Member.__str__-line-1,2025/12/09 18:00:44
df5c4117-7c69-426d-b3b9-b76f2738e039,file,book.py,2025/12/09 18:00:42
6ff3d032-dcaf-49ea-971c-1e2942572b61,method,Member.__str__,2025/12/09 18:00:37
df5c4117-7c69-426d-b3b9-b76f2738e039,file,main.py,2025/12/09 18:00:35
df5c4117-7c69-426d-b3b9-b76f2738e039,file,library.py,2025/12/09 18:00:34
6ff3d032-dcaf-49ea-971c-1e2942572b61,method,Member._random_id,2025/12/09 18:00:27
df5c4117-7c69-426d-b3b9-b76f2738e039,file,main.py,2025/12/09 18:00:27
6ff3d032-dcaf-49ea-971c-1e2942572b61,method,Member.__init__,2025/12/09 18:00:19
df5c4117-7c69-426d-b3b9-b76f2738e039,file,library.py,2025/12/09 18:00:19
6ff3d032-dcaf-49ea-971c-1e2942572b61,file,member.py,2025/12/09 18:00:16
df5c4117-7c69-426d-b3b9-b76f2738e039,file,main.py,2025/12/09 18:00:06
6ff3d032-dcaf-49ea-971c-1e2942572b61,method,Book.__init__,2025/12/09 18:00:04
df5c4117-7c69-426d-b3b9-b76f2738e039,file,library.py,2025/12/09 17:59:58
df5c4117-7c69-426d-b3b9-b76f2738e039,uncheck,main-line-1,2025/12/09 17:59:56
df5c4117-7c69-426d-b3b9-b76f2738e039,check,main-line-1,2025/12/09 17:59:56
6ff3d032-dcaf-49ea-971c-1e2942572b61,method,Book.__str__,2025/12/09 17:59:52
6ff3d032-dcaf-49ea-971c-1e2942572b61,method,Book.__del__,2025/12/09 17:59:43
df5c4117-7c69-426d-b3b9-b76f2738e039,file,main.py,2025/12/09 17:59:27
df5c4117-7c69-426d-b3b9-b76f2738e039,file,member.py,2025/12/09 17:59:25
df5c4117-7c69-426d-b3b9-b76f2738e039,file,main.py,2025/12/09 17:59:14
df5c4117-7c69-426d-b3b9-b76f2738e039,file,library.py,2025/12/09 17:59:10
df5c4117-7c69-426d-b3b9-b76f2738e039,file,main.py,2025/12/09 17:59:05
df5c4117-7c69-426d-b3b9-b76f2738e039,file,library.py,2025/12/09 17:59:02
df5c4117-7c69-426d-b3b9-b76f2738e039,file,main.py,2025/12/09 17:58:59
6ff3d032-dcaf-49ea-971c-1e2942572b61,method,Book.__init__,2025/12/09 17:58:58
df5c4117-7c69-426d-b3b9-b76f2738e039,file,library.py,2025/12/09 17:58:54
6ff3d032-dcaf-49ea-971c-1e2942572b61,file,book.py,2025/12/09 17:58:53
df5c4117-7c69-426d-b3b9-b76f2738e039,file,main.py,2025/12/09 17:58:26
df5c4117-7c69-426d-b3b9-b76f2738e039,file,member.py,2025/12/09 17:58:17
df5c4117-7c69-426d-b3b9-b76f2738e039,file,book.py,2025/12/09 17:58:09
df5c4117-7c69-426d-b3b9-b76f2738e039,file,member.py,2025/12/09 17:58:08
df5c4117-7c69-426d-b3b9-b76f2738e039,file,library.py,2025/12/09 17:58:05
df5c4117-7c69-426d-b3b9-b76f2738e039,file,member.py,2025/12/09 17:58:04
df5c4117-7c69-426d-b3b9-b76f2738e039,file,book.py,2025/12/09 17:57:56
af542900-d8bb-4dbb-abb9-bcac66c09818,method,Library.borrow_book,2025/12/09 16:24:52
af542900-d8bb-4dbb-abb9-bcac66c09818,file,library.py,2025/12/09 16:24:50
af542900-d8bb-4dbb-abb9-bcac66c09818,file,member.py,2025/12/09 16:24:50
af542900-d8bb-4dbb-abb9-bcac66c09818,file,library.py,2025/12/09 16:24:49
af542900-d8bb-4dbb-abb9-bcac66c09818,file,main.py,2025/12/09 16:24:35
af542900-d8bb-4dbb-abb9-bcac66c09818,file,library.py,2025/12/09 16:24:34
af542900-d8bb-4dbb-abb9-bcac66c09818,method,Member.__init__,2025/12/09 16:24:29
af542900-d8bb-4dbb-abb9-bcac66c09818,method,Member._random_id,2025/12/09 16:24:27
af542900-d8bb-4dbb-abb9-bcac66c09818,method,Member.__str__,2025/12/09 16:24:27
af542900-d8bb-4dbb-abb9-bcac66c09818,file,member.py,2025/12/09 16:24:23
af542900-d8bb-4dbb-abb9-bcac66c09818,check,Library.borrow_book-line-15,2025/12/09 16:24:02
af542900-d8bb-4dbb-abb9-bcac66c09818,method,Library.borrow_book,2025/12/09 16:22:54
af542900-d8bb-4dbb-abb9-bcac66c09818,file,library.py,2025/12/09 16:22:50
af542900-d8bb-4dbb-abb9-bcac66c09818,file,main.py,2025/12/09 16:22:26
af542900-d8bb-4dbb-abb9-bcac66c09818,method,Library.return_book,2025/12/09 16:22:18
af542900-d8bb-4dbb-abb9-bcac66c09818,file,library.py,2025/12/09 16:22:16
af542900-d8bb-4dbb-abb9-bcac66c09818,method,Member.__init__,2025/12/09 16:22:11
af542900-d8bb-4dbb-abb9-bcac66c09818,method,Member._random_id,2025/12/09 16:22:05
af542900-d8bb-4dbb-abb9-bcac66c09818,method,Member.__str__,2025/12/09 16:22:05
af542900-d8bb-4dbb-abb9-bcac66c09818,file,member.py,2025/12/09 16:22:03
af542900-d8bb-4dbb-abb9-bcac66c09818,method,Book.__init__,2025/12/09 16:21:59
af542900-d8bb-4dbb-abb9-bcac66c09818,method,Book.__del__,2025/12/09 16:21:57
af542900-d8bb-4dbb-abb9-bcac66c09818,method,Book.__str__,2025/12/09 16:21:55
af542900-d8bb-4dbb-abb9-bcac66c09818,file,book.py,2025/12/09 16:21:52
a340a64a-6f69-4f09-a92a-01cf9f0c8b7c,check,Book-classvar-0-line-1,2025/12/09 15:24:31
a340a64a-6f69-4f09-a92a-01cf9f0c8b7c,file,book.py,2025/12/09 15:24:29
8ac73122-3d12-4cec-82ec-eb2f1da4406d,check,main-line-5,2025/12/06 13:40:36
8ac73122-3d12-4cec-82ec-eb2f1da4406d,check,main-line-1,2025/12/06 13:40:35
e36608b0-5745-40bb-b779-78ceb5977245,check,Member.__init__-line-1,2025/12/04 17:15:10
e36608b0-5745-40bb-b779-78ceb5977245,method,Member.__init__,2025/12/04 17:15:09
e36608b0-5745-40bb-b779-78ceb5977245,file,member.py,2025/12/04 17:15:07
e36608b0-5745-40bb-b779-78ceb5977245,file,book.py,2025/12/04 17:15:06
e36608b0-5745-40bb-b779-78ceb5977245,uncheck,main-line-1,2025/12/04 17:06:48
e36608b0-5745-40bb-b779-78ceb5977245,check,main-line-1,2025/12/04 17:06:44
e36608b0-5745-40bb-b779-78ceb5977245,uncheck,main-line-1,2025/12/04 17:06:44
e36608b0-5745-40bb-b779-78ceb5977245,check,main-line-1,2025/12/04 17:06:42
e36608b0-5745-40bb-b779-78ceb5977245,uncheck,main-line-9,2025/12/04 17:06:39
bde3507b-3728-44b7-b8f7-6166f7ff1c45,method,Library.add_book,2025/12/04 14:00:12
bde3507b-3728-44b7-b8f7-6166f7ff1c45,method,Library.remove_member,2025/12/04 14:00:05
bde3507b-3728-44b7-b8f7-6166f7ff1c45,method,Library.remove_book,2025/12/04 13:59:58
bde3507b-3728-44b7-b8f7-6166f7ff1c45,method,Library.add_book,2025/12/04 13:59:51
bde3507b-3728-44b7-b8f7-6166f7ff1c45,method,Library.__init__,2025/12/04 13:59:50
bde3507b-3728-44b7-b8f7-6166f7ff1c45,file,library.py,2025/12/04 13:59:48
bde3507b-3728-44b7-b8f7-6166f7ff1c45,method,Member.__str__,2025/12/04 13:59:46
bde3507b-3728-44b7-b8f7-6166f7ff1c45,method,Member._random_id,2025/12/04 13:59:43
bde3507b-3728-44b7-b8f7-6166f7ff1c45,method,Member.__init__,2025/12/04 13:59:41
bde3507b-3728-44b7-b8f7-6166f7ff1c45,file,member.py,2025/12/04 13:59:38
bde3507b-3728-44b7-b8f7-6166f7ff1c45,method,Book.__init__,2025/12/04 13:59:37
bde3507b-3728-44b7-b8f7-6166f7ff1c45,method,Book.__del__,2025/12/04 13:59:35
bde3507b-3728-44b7-b8f7-6166f7ff1c45,method,Book.__str__,2025/12/04 13:59:33
bde3507b-3728-44b7-b8f7-6166f7ff1c45,file,book.py,2025/12/04 13:59:31
bde3507b-3728-44b7-b8f7-6166f7ff1c45,file,main.py,2025/12/04 13:59:05
bde3507b-3728-44b7-b8f7-6166f7ff1c45,method,Book.__init__,2025/12/04 13:58:18
bde3507b-3728-44b7-b8f7-6166f7ff1c45,method,Book.__del__,2025/12/04 13:58:13
bde3507b-3728-44b7-b8f7-6166f7ff1c45,file,book.py,2025/12/04 13:58:11
bde3507b-3728-44b7-b8f7-6166f7ff1c45,method,Member.__init__,2025/12/04 13:58:07
bde3507b-3728-44b7-b8f7-6166f7ff1c45,file,member.py,2025/12/04 13:58:05
bde3507b-3728-44b7-b8f7-6166f7ff1c45,check,Library.add_book-line-2,2025/12/04 13:58:03
bde3507b-3728-44b7-b8f7-6166f7ff1c45,check,Library.add_book-line-1,2025/12/04 13:58:02
bde3507b-3728-44b7-b8f7-6166f7ff1c45,method,Library.add_book,2025/12/04 13:57:52
bde3507b-3728-44b7-b8f7-6166f7ff1c45,file,library.py,2025/12/04 13:57:50
bde3507b-3728-44b7-b8f7-6166f7ff1c45,file,member.py,2025/12/04 13:57:48
bde3507b-3728-44b7-b8f7-6166f7ff1c45,method,Library.add_book,2025/12/04 13:57:43
bde3507b-3728-44b7-b8f7-6166f7ff1c45,method,Library.__init__,2025/12/04 13:57:37
bde3507b-3728-44b7-b8f7-6166f7ff1c45,file,library.py,2025/12/04 13:57:35
bde3507b-3728-44b7-b8f7-6166f7ff1c45,file,main.py,2025/12/04 13:57:33
bde3507b-3728-44b7-b8f7-6166f7ff1c45,file,library.py,2025/12/04 13:57:31
bde3507b-3728-44b7-b8f7-6166f7ff1c45,file,main.py,2025/12/04 13:57:17
bde3507b-3728-44b7-b8f7-6166f7ff1c45,method,Book.__str__,2025/12/04 13:57:04
bde3507b-3728-44b7-b8f7-6166f7ff1c45,method,Book.__del__,2025/12/04 13:56:55
bde3507b-3728-44b7-b8f7-6166f7ff1c45,check,Book.__init__-line-10,2025/12/04 13:56:53
bde3507b-3728-44b7-b8f7-6166f7ff1c45,check,Book.__init__-line-6,2025/12/04 13:55:33
bde3507b-3728-44b7-b8f7-6166f7ff1c45,check,Book.__init__-line-3,2025/12/04 13:55:27
bde3507b-3728-44b7-b8f7-6166f7ff1c45,method,Book.__init__,2025/12/04 13:54:54
bde3507b-3728-44b7-b8f7-6166f7ff1c45,method,Book.__del__,2025/12/04 13:54:43
bde3507b-3728-44b7-b8f7-6166f7ff1c45,method,Book.__str__,2025/12/04 13:54:40
bde3507b-3728-44b7-b8f7-6166f7ff1c45,method,Book.__del__,2025/12/04 13:54:36
bde3507b-3728-44b7-b8f7-6166f7ff1c45,method,Book.__init__,2025/12/04 13:53:26
bde3507b-3728-44b7-b8f7-6166f7ff1c45,method,Book.__str__,2025/12/04 13:53:23
bde3507b-3728-44b7-b8f7-6166f7ff1c45,method,Book.__del__,2025/12/04 13:53:21
bde3507b-3728-44b7-b8f7-6166f7ff1c45,method,Book.__init__,2025/12/04 13:53:15
bde3507b-3728-44b7-b8f7-6166f7ff1c45,file,book.py,2025/12/04 13:53:13
bde3507b-3728-44b7-b8f7-6166f7ff1c45,file,main.py,2025/12/04 13:52:55
bde3507b-3728-44b7-b8f7-6166f7ff1c45,method,Library.add_book,2025/12/04 13:52:37
bde3507b-3728-44b7-b8f7-6166f7ff1c45,method,Library.__init__,2025/12/04 13:52:34
bde3507b-3728-44b7-b8f7-6166f7ff1c45,file,library.py,2025/12/04 13:52:32
bde3507b-3728-44b7-b8f7-6166f7ff1c45,file,main.py,2025/12/04 13:52:27
bde3507b-3728-44b7-b8f7-6166f7ff1c45,method,Library.__init__,2025/12/04 13:52:22
bde3507b-3728-44b7-b8f7-6166f7ff1c45,method,Library.add_book,2025/12/04 13:52:14
bde3507b-3728-44b7-b8f7-6166f7ff1c45,file,library.py,2025/12/04 13:52:09
bde3507b-3728-44b7-b8f7-6166f7ff1c45,file,main.py,2025/12/04 13:52:07
bde3507b-3728-44b7-b8f7-6166f7ff1c45,file,book.py,2025/12/04 13:52:06
bde3507b-3728-44b7-b8f7-6166f7ff1c45,file,member.py,2025/12/04 13:52:05
bde3507b-3728-44b7-b8f7-6166f7ff1c45,file,library.py,2025/12/04 13:52:01
bde3507b-3728-44b7-b8f7-6166f7ff1c45,file,main.py,2025/12/04 13:50:21
bde3507b-3728-44b7-b8f7-6166f7ff1c45,file,book.py,2025/12/04 13:50:20
bde3507b-3728-44b7-b8f7-6166f7ff1c45,file,member.py,2025/12/04 13:50:16
bde3507b-3728-44b7-b8f7-6166f7ff1c45,file,library.py,2025/12/04 13:50:05
bde3507b-3728-44b7-b8f7-6166f7ff1c45,file,main.py,2025/12/04 13:50:00
bde3507b-3728-44b7-b8f7-6166f7ff1c45,file,library.py,2025/12/04 13:49:50
bde3507b-3728-44b7-b8f7-6166f7ff1c45,file,main.py,2025/12/04 13:49:28
bde3507b-3728-44b7-b8f7-6166f7ff1c45,file,book.py,2025/12/04 13:49:13
bde3507b-3728-44b7-b8f7-6166f7ff1c45,file,member.py,2025/12/04 13:49:08
bde3507b-3728-44b7-b8f7-6166f7ff1c45,file,library.py,2025/12/04 13:49:04
bde3507b-3728-44b7-b8f7-6166f7ff1c45,file,main.py,2025/12/04 13:48:51
bde3507b-3728-44b7-b8f7-6166f7ff1c45,file,library.py,2025/12/04 13:48:49
bde3507b-3728-44b7-b8f7-6166f7ff1c45,file,member.py,2025/12/04 13:48:48
bde3507b-3728-44b7-b8f7-6166f7ff1c45,file,book.py,2025/12/04 13:48:44
bde3507b-3728-44b7-b8f7-6166f7ff1c45,file,main.py,2025/12/04 13:48:00
bde3507b-3728-44b7-b8f7-6166f7ff1c45,file,library.py,2025/12/04 13:47:57
bde3507b-3728-44b7-b8f7-6166f7ff1c45,file,member.py,2025/12/04 13:47:56
bde3507b-3728-44b7-b8f7-6166f7ff1c45,file,book.py,2025/12/04 13:47:49
e36608b0-5745-40bb-b779-78ceb5977245,uncheck,main-line-9,2025/12/04 10:47:02
e36608b0-5745-40bb-b779-78ceb5977245,check,main-line-9,2025/12/04 10:47:02
e36608b0-5745-40bb-b779-78ceb5977245,uncheck,main-line-10,2025/12/04 10:47:01
e36608b0-5745-40bb-b779-78ceb5977245,check,main-line-10,2025/12/04 10:46:59
e36608b0-5745-40bb-b779-78ceb5977245,uncheck,main-line-3,2025/12/04 10:02:01
e36608b0-5745-40bb-b779-78ceb5977245,check,main-line-3,2025/12/04 10:02:00
a865a3f7-98ca-4d74-bd49-2beec18a8e8c,check,Book.__init__-line-1,2025/12/04 01:26:20
a865a3f7-98ca-4d74-bd49-2beec18a8e8c,method,Book.__init__,2025/12/04 01:26:15
a865a3f7-98ca-4d74-bd49-2beec18a8e8c,file,book.py,2025/12/04 01:26:14
a865a3f7-98ca-4d74-bd49-2beec18a8e8c,file,member.py,2025/12/04 01:26:10
a865a3f7-98ca-4d74-bd49-2beec18a8e8c,uncheck,main-line-1,2025/12/04 01:26:09
a865a3f7-98ca-4d74-bd49-2beec18a8e8c,check,main-line-1,2025/12/04 01:26:04
a865a3f7-98ca-4d74-bd49-2beec18a8e8c,file,main.py,2025/12/04 01:26:02
a865a3f7-98ca-4d74-bd49-2beec18a8e8c,file,book.py,2025/12/04 01:26:00
a865a3f7-98ca-4d74-bd49-2beec18a8e8c,file,member.py,2025/12/04 01:26:00
a865a3f7-98ca-4d74-bd49-2beec18a8e8c,file,library.py,2025/12/04 01:25:59
a865a3f7-98ca-4d74-bd49-2beec18a8e8c,file,member.py,2025/12/04 01:25:58
a865a3f7-98ca-4d74-bd49-2beec18a8e8c,file,book.py,2025/12/04 01:25:58
d7b5a782-d3cb-458d-8ae3-c9ae6522894c,check,Library.add_book-line-1,2025/12/04 01:04:33
d7b5a782-d3cb-458d-8ae3-c9ae6522894c,method,Library.add_book,2025/12/04 01:04:32
d7b5a782-d3cb-458d-8ae3-c9ae6522894c,check,Library.__init__-line-1,2025/12/04 01:04:31
d7b5a782-d3cb-458d-8ae3-c9ae6522894c,method,Library.__init__,2025/12/04 01:04:30
d7b5a782-d3cb-458d-8ae3-c9ae6522894c,file,library.py,2025/12/04 01:04:29
d7b5a782-d3cb-458d-8ae3-c9ae6522894c,check,Member.__init__-line-1,2025/12/04 01:04:26
d7b5a782-d3cb-458d-8ae3-c9ae6522894c,method,Member.__init__,2025/12/04 01:04:24
d7b5a782-d3cb-458d-8ae3-c9ae6522894c,file,member.py,2025/12/04 01:04:22
d7b5a782-d3cb-458d-8ae3-c9ae6522894c,check,Book-classvar-0-line-1,2025/12/04 01:04:20
d7b5a782-d3cb-458d-8ae3-c9ae6522894c,file,book.py,2025/12/04 01:04:19
d7b5a782-d3cb-458d-8ae3-c9ae6522894c,check,main-line-1,2025/12/04 01:04:16
8ac73122-3d12-4cec-82ec-eb2f1da4406d,check,Book.__str__-line-0,2025/11/20 11:50:24
8ac73122-3d12-4cec-82ec-eb2f1da4406d,method,Book.__str__,2025/11/20 11:50:18
8ac73122-3d12-4cec-82ec-eb2f1da4406d,method,Book.__init__,2025/11/20 11:50:16
8ac73122-3d12-4cec-82ec-eb2f1da4406d,file,book.py,2025/11/20 11:50:15
8ac73122-3d12-4cec-82ec-eb2f1da4406d,file,main.py,2025/11/20 11:50:05
8ac73122-3d12-4cec-82ec-eb2f1da4406d,file,book.py,2025/11/20 11:50:05
8ac73122-3d12-4cec-82ec-eb2f1da4406d,file,member.py,2025/11/20 11:50:05
8ac73122-3d12-4cec-82ec-eb2f1da4406d,file,book.py,2025/11/20 11:50:04
8ac73122-3d12-4cec-82ec-eb2f1da4406d,file,main.py,2025/11/20 11:50:04
8ac73122-3d12-4cec-82ec-eb2f1da4406d,file,book.py,2025/11/20 11:50:03
8ac73122-3d12-4cec-82ec-eb2f1da4406d,file,main.py,2025/11/20 11:50:00